pl_name,pl_eqt,pl_insol,st_teff,st_rad,habitable
11 Com b,1700.0,792.57818,4060.0,1.31316,0
11 UMi b,1450.0,372.7434,5253.6,0.84,0
14 And b,1600.0,513.74032,4530.8,0.36645,0
14 Her b,2369.0,427.54252,4530.8,0.289776,0
16 Cyg B b,2677.0,505.722044,7244.6,1.4800799999999998,0
17 Sco b,2506.0,335.96392000000003,4587.2,0.600455,0
18 Del b,1250.0,169.58952,4526.0,0.21887,0
1RXS J160929.1-210524 b,1616.0,513.74032,4587.2,0.672832,0
24 Boo b,1600.0,468.74252,4530.8,0.437589,0
24 Sex b,700.0,151.06598000000002,7295.0,1.48726,0
24 Sex c,700.0,37.8432,5198.0,0.98,0
2M0437 b,1958.0,272.05940799999996,5172.0,0.943,0
2MASS J01033563-5515561 AB b,1400.0,887.5887999999999,6140.0,1.25,0
2MASS J01225093-2439505 b,600.0,21.2,3678.0,0.744,0
2MASS J02192210-3925225 b,459.0,7.3,3678.0,0.744,0
2MASS J0249-0557 c,1820.0,338.110112,4596.0,0.69,0
2MASS J03590986+2009361 b,546.0,32.2444,5766.0,1.08,0
2MASS J04414489+2301513 b,1303.0,789.0233000000001,4993.0,0.797,0
2MASS J11011926-7732383 b,2001.0,646.761,6935.0,1.364,0
2MASS J11550485-7919108 b,438.0,6.76,4405.2,0.185,0
2MASS J12073346-3932539 b,400.0,4.918000000000001,4263.4,0.185,0
2MASS J19383260+4603591 b,483.0,8.934000000000001,4388.697999999999,0.185,0
2MASS J21252752-8138278 b,340.0,3.48294,3857.4,0.185,1
2MASS J22362452+4751425 b,464.0,8.6,4070.4,0.175,0
2MASS J22501512+2325342 b,1800.0,453.43798,3689.0,0.558549,0
4 UMa b,370.0,4.339599999999999,5124.39,0.646482,1
47 UMa b,1800.0,270.9634,4526.0,0.245,0
47 UMa c,434.0,5.72,3936.6,0.388,0
47 UMa d,2600.0,328.57097999999996,4403.0,1.679694,0
51 Eri b,1898.0,435.86543199999994,5950.0,1.11,0
51 Peg b,600.0,16.1089,5075.0,0.79,0
55 Cnc B b,1657.0,420.783256,6440.0,1.37,0
55 Cnc B c,1442.0,661.1334,5675.0,1.116,0
55 Cnc b,1700.0,546.5339,5945.0,1.01,0
55 Cnc c,1952.0,228.717376,6035.0,1.21,0
55 Cnc d,1626.0,310.403512,5740.0,1.59,0
55 Cnc e,1550.0,823.7009,5440.0,1.0,0
55 Cnc f,2000.0,328.57097999999996,6090.0,1.65,0
6 Lyn b,1521.0,932.9076,5625.0,0.906,0
61 Vir b,1024.0,180.8704,5880.0,1.02,0
61 Vir c,885.0,138.8396,5939.0,1.136,0
61 Vir d,1660.0,412.65535600000004,5900.0,1.61,0
7 CMa b,1070.0,226.78652,4950.0,0.86,0
7 CMa c,850.0,99.9982,4950.0,0.86,0
70 Vir b,1330.0,704.674,6040.0,1.19,0
75 Cet b,1600.0,328.57097999999996,5590.0,1.79,0
75 Cet c,1500.0,387.148732,5900.0,1.08,0
8 UMi b,1695.0,310.403512,6740.0,1.56,0
81 Cet b,938.0,132.26,5970.0,0.79,0
91 Aqr b,1747.0,328.57097999999996,6390.0,1.65,0
AB Aur b,1567.0,310.403512,6730.0,1.52,0
AB Pic b,1074.0,203.9517,6190.0,1.17,0
AF Lep b,1438.0,786.2949,6100.0,1.186,0
AT2021ueyL b,1017.0,175.06900000000002,6090.0,1.025,0
AU Mic b,1756.0,349.43764,5275.0,0.83,0
AU Mic c,870.0,162.17361999999997,5080.0,0.77,0
AU Mic d,420.0,5.6664,5625.0,0.96,0
AU Mic e,2200.0,45.54552,4371.0,0.27,0
BD+03 2562 b,877.0,156.9161,6196.0,1.26,0
BD+05 4868 A b,1239.0,862.2967999999998,6196.0,1.26,0
BD+14 4559 b,1632.0,337.241756,6196.0,1.26,0
BD+15 2375 b,1314.0,337.241756,6196.0,1.26,0
BD+15 2940 b,1000.0,190.12492,6500.0,1.78,0
BD+20 2457 b,854.0,107.951,5138.0,0.91,0
BD+20 2457 c,850.0,115.8276,5428.0,0.964,0
BD+20 274 b,2038.0,176.4554,5679.0,0.98,0
BD+20 594 b,960.6,172.9288,5502.7,0.83,0
BD+37 3172 b,431.0,3.5,4057.0,0.58,0
BD+42 2315 b,817.0,101.0,6069.0,1.39,0
BD+45 564 b,1149.0,245.95846,5171.0,0.8,0
BD+48 738 b,866.0,115.6858,5171.0,0.8,0
BD+48 740 b,756.0,79.10999999999999,6004.0,0.98,0
BD+49 828 b,658.0,54.0146,6004.0,0.98,0
BD+55 362 b,536.0,15.9202,4684.0,0.673,0
BD+60 1417 b,316.0,3.387,4684.0,0.673,1
BD+63 1405 b,2299.0,184.426944,5578.0,0.99,0
BD-06 1339 b,804.0,70.0,5578.0,0.99,0
BD-06 1339 c,932.0,103.88896,3782.0,0.32,0
BD-08 2823 b,804.0,69.7,5868.0,0.999,0
BD-08 2823 c,1401.0,642.0,6202.0,1.586,0
BD-10 3166 b,183.0,0.19,4898.0,0.26352359999999997,0
BD-11 4672 b,1616.0,199.2274,5430.0,1.71,0
BD-11 4672 c,990.0,160.0,5430.0,1.71,0
BD-13 2130 b,752.0,53.0,5430.0,1.71,0
BD-14 3065 b,2375.0,427.54252,4587.2,0.5002204000000001,0
BD-17 63 b,453.6,7.06,4428.6,0.170718,0
BD-210397 b,55.9,0.0016,4272.8,0.170718,0
BD-210397 c,1670.0,513.74032,4587.2,0.522432,0
BEBOP-3 b,322.3,1.8,3853.4,0.153162,1
BEBOP-4 AB b,587.0,20.5,4260.8,0.305,0
Barnard b,387.0,3.87,4016.6,0.305,0
Barnard c,534.0,13.57,4471.8,0.177,0
Barnard d,440.6,6.27,4047.8,0.3026,0
Barnard e,230.9,0.67,4541.2,0.42245999999999995,0
CD Cet b,181.7,0.257,4660.6,0.7225999999999999,0
CD-35 2722 b,583.8,19.3,4291.2,0.2211,0
CFBDSIR J145829+101343 b,300.0,1.83152,3853.4,0.2105,1
CFHTWIR-Oph 98 b,567.0,17.2,4454.8,0.2162,0
CHXR 73 b,1089.0,233.0,4638.8,0.391,0
CI Tau c,150.0,0.7304999999999999,3839.0,0.245012,0
COCONUTS-2 b,422.0,10.8612,4640.0,0.695,0
CT Cha b,550.0,15.238,3607.0,0.38,0
CoRoT-1 b,758.0,107.262,4350.780000000001,0.4314,0
CoRoT-10 b,336.0,2.37,4376.4,0.36,1
CoRoT-11 b,216.0,0.404,4276.0,0.36,0
CoRoT-12 b,350.0,3.399,5540.0,0.9,1
CoRoT-13 b,723.0,45.4,3707.0,0.516,0
CoRoT-14 b,407.2,4.58,3707.0,0.516,0
CoRoT-16 b,391.0,6.2082,4014.0,0.58,0
CoRoT-17 b,629.0,13.8,3770.0,0.5066,0
CoRoT-18 b,593.5,29.6584,4176.8,0.547,0
CoRoT-19 b,773.0,59.4,4353.4800000000005,0.364,0
CoRoT-2 b,329.1,1.95,3977.6,0.364,1
CoRoT-20 b,518.0,12.6,3965.0,0.337,0
CoRoT-20 c,401.2,4.45,4447.2,0.337,0
CoRoT-21 b,219.6,0.38,4250.6,0.337,0
CoRoT-22 b,1365.0,579.0,4530.8,0.458,0
CoRoT-23 b,568.0,17.3,4544.4,0.32,0
CoRoT-24 b,317.0,1.68,3853.4,0.32,1
CoRoT-24 c,485.0,9.21,4365.697999999999,0.426,0
CoRoT-25 b,590.0,34.7062,3867.0,0.61,0
CoRoT-26 b,348.0,2.45,4376.4,0.19734,1
CoRoT-27 b,349.83,3.13,3719.0,0.3685,1
CoRoT-28 b,308.6,4.224600000000001,4120.0,0.68,1
CoRoT-29 b,124.7,1.8906,4120.0,0.68,0
CoRoT-3 b,686.0,29.4322,4205.6,0.455,0
CoRoT-30 b,696.3,39.2,4147.6,0.3243,0
CoRoT-31 b,510.0,13.364,6234.0,1.26,0
CoRoT-32 b,202.0,0.28,3728.0,0.5,0
CoRoT-35 b,451.0,9.9,3641.0,0.529,0
CoRoT-36 b,290.5,1.692,3641.0,0.529,1
CoRoT-4 b,401.0,5.31204,3837.0,0.56,0
CoRoT-5 b,611.0,23.32,3799.0,0.52226,0
CoRoT-6 b,829.0,79.0,3913.0,0.56,0
CoRoT-7 b,940.0,130.0,4473.2,0.4144,0
CoRoT-7 c,490.0,9.5,4680.2,0.4144,0
CoRoT-7 d,468.0,7.95,3688.0,0.4712,0
CoRoT-8 b,352.0,2.56,3688.0,0.4712,1
CoRoT-9 b,453.04,11.2016,3836.0,0.57,0
DE CVn b,1035.01,318.0,4236.0,0.58,0
DENIS-P J082303.1-491201 b,715.94,73.0,4236.0,0.58,0
DH Tau b,675.0,34.9,4236.0,0.58,0
DMPP-1 b,2300.0,310.403512,7000.0,1.56,0
DMPP-1 c,2650.0,37.6832,4360.0,0.6394,0
DMPP-1 d,2300.0,349.43764,4200.0,0.90484,0
DMPP-1 e,1050.0,213.78932,4031.81,0.450458,0
DMPP-2 b,1159.07,426.5351,5470.0,0.952,0
DMPP-3 A b,1213.23,512.0235,5720.0,1.064,0
DMPP-4 b,830.0,82.94399999999999,3879.0,0.56,0
DP Leo b,379.0,7.33646,3656.0,0.427,0
DS Tuc A b,314.6,1.62,3853.4,0.2617,1
EPIC 201170410.02,1322.0,259.687,5980.0,1.174,0
EPIC 201238110 b,838.0,100.77,4653.0,0.683,0
EPIC 201427007 b,963.0,118.075,4650.0,0.701,0
EPIC 201497682 b,1740.0,163.8064,5653.0,1.756,0
EPIC 201595106 b,340.0,4.626,5653.0,1.756,1
EPIC 201615463 c,1624.0,606.770356,6600.0,1.447,0
EPIC 201754305 d,904.0,79.7578,5568.0,1.07,0
EPIC 201757695.02,1566.0,465.92029599999995,6140.0,1.158,0
EPIC 201833600 c,800.0,110.512,5246.0,0.87,0
EPIC 201841433 b,852.0,82.2407,4803.0,0.749,0
EPIC 205950854 c,981.2,154.0,4962.0,0.773,0
EPIC 206024342 b,1540.0,588.518,6380.0,1.39,0
EPIC 206024342 c,970.0,85.1168,4595.0,0.694,0
EPIC 206024342 d,1367.0,459.542,5588.0,1.21,0
EPIC 206032309 b,1463.0,325.569,5302.0,1.11,0
EPIC 206042996 b,2056.0,178.1766,5905.0,1.203,0
EPIC 206042996 c,1637.0,420.78325600000005,6373.0,1.38,0
EPIC 206215704 b,1182.0,325.0,5519.0,0.919,0
EPIC 206317286 b,1080.0,185.0743,5079.0,0.87,0
EPIC 206317286 c,1091.99,336.0384,5316.0,0.864673,0
EPIC 211822797 b,1384.0,554.7122,5680.0,1.103,0
EPIC 211945201 b,1281.0,433.0,6087.0,1.3,0
EPIC 212297394 b,1189.0,176.587,5185.0,0.87,0
EPIC 212297394 c,1630.0,420.783256,6304.0,1.31,0
EPIC 212424622 b,1450.0,746.9025,6065.0,1.39,0
EPIC 212499991 b,1835.7,177.38074,6001.0,1.367,0
EPIC 212587672 b,1782.0,328.57097999999996,6446.0,1.79,0
EPIC 212587672 c,1520.0,433.78,6442.0,1.53,0
EPIC 212624936 b,1581.0,267.85447600000003,6096.0,1.435,0
EPIC 212624936 c,1780.97,294.480752,5620.0,1.041,0
EPIC 212737443 b,1271.0,412.3914,5500.0,0.877,0
EPIC 212737443 c,1082.0,243.0337,5330.0,0.923,0
EPIC 220492298 b,1752.0,284.64098,6430.0,1.625,0
EPIC 220554210 c,1686.0,310.403512,5860.0,1.596,0
EPIC 220674823 b,1770.0,134.7014,6080.0,1.1966,0
EPIC 220674823 c,1941.0,81.43906,6390.0,1.5190000000000001,0
EPIC 228836835 b,1428.0,684.0973,5743.0,1.53,0
EPIC 229004835 b,1353.0,521.877,5693.0,1.08,0
EPIC 246851721 b,1108.0,185.119,5295.0,0.949,0
EPIC 248847494 b,1652.0,400.893476,6330.0,1.319,0
EPIC 249893012 b,1458.0,298.333476,6120.0,1.396,0
EPIC 249893012 c,2131.0,249.16172,6820.0,1.622026,0
EPIC 249893012 d,1517.0,850.6754,5960.0,1.12,0
FU Tau b,1862.0,328.57097999999996,6280.0,1.698,0
G 192-15 b,1168.2,310.0,5453.0,0.995,0
G 192-15 c,1218.0,227.759,5131.0,0.893,0
G 196-3 b,1778.0,159.00277599999998,5956.0,1.209,0
G 261-6 b,818.0,88.6713,4390.0,0.617,0
G 264-012 b,1367.0,583.0,5804.0,1.105,0
G 264-012 c,1840.0,341.528552,6566.0,1.47,0
G 268-110 b,2200.0,419.10779999999994,6330.0,1.4342000000000001,0
G 9-40 b,1622.0,310.40351200000003,6078.0,1.53,0
GJ 1002 b,1277.8,441.4,5678.0,1.1038,0
GJ 1002 c,1675.0,421.03238,6570.0,1.62,0
GJ 1061 b,1772.0,295.3392,6212.0,1.342,0
GJ 1061 c,1505.0,849.5,5587.0,0.938,0
GJ 1061 d,1512.0,867.2,5629.0,1.17,0
GJ 1132 b,1237.0,387.4,5400.0,0.9661,0
GJ 1132 c,1766.0,328.57097999999996,6457.0,1.735,0
GJ 1148 b,1818.0,328.57097999999996,5872.0,1.666,0
GJ 1148 c,1896.0,263.27634,6002.0,1.1346,0
GJ 1151 c,1903.0,558.667416,6640.0,1.554972,0
GJ 1214 b,1027.8,184.8,4508.0,0.6701,0
GJ 1252 b,1930.0,173.10690099381952,5478.352501167678,0.9586832829524681,0
GJ 1265 b,2733.0,81.43906,6389.0,1.5190000000000001,0
GJ 1289 b,2562.0,173.10690099381952,5478.352501167678,0.9586832829524681,0
GJ 143 b,1713.0,297.728316,6200.0,1.57,0
GJ 15 A b,1540.0,931.0,6350.0,1.338,0
GJ 15 A c,1359.0,489.9461,5870.0,1.038,0
GJ 160.2 b,1407.0,836.8558,5880.0,1.105,0
GJ 163 b,1596.0,310.403512,6563.0,1.54,0
GJ 163 c,1446.0,566.4817,6357.0,1.17,0
GJ 163 d,1244.0,315.9878,5523.0,0.887,0
GJ 179 b,1276.0,505.884,5346.0,0.933,0
GJ 180 b,1505.0,148.25531200000003,5311.0,0.922,0
GJ 180 c,1592.0,281.455144,5738.0,1.238,0
GJ 180 d,814.0,72.7,5846.0,1.091,0
GJ 2030 b,2069.48,182.461212,5600.0,1.02,0
GJ 2030 c,1550.0,950.0563,5227.0,0.876,0
GJ 2056 b,858.0,111.299,4803.0,0.689,0
GJ 2126 b,1654.0,259.149776,5780.0,1.199,0
GJ 229 A c,2166.0,379.849656,6125.0,1.12,0
GJ 229 b,1277.0,454.8721,5715.0,1.107,0
GJ 238 b,1918.0,233.3634,6071.0,1.4026,0
GJ 251 b,1659.0,328.57097999999996,6438.0,1.74,0
GJ 251 c,1253.0,473.73544,5498.0,0.922,0
GJ 27.1 b,1212.0,356.0,5670.0,1.073,0
GJ 273 b,1648.0,276.05271600000003,6351.0,1.404,0
GJ 273 c,1414.0,718.9097,5943.0,1.061,0
GJ 3021 b,1823.0,296.11980000000005,6050.0,1.207,0
GJ 3082 b,1437.0,614.5934,5700.0,1.097,0
GJ 3090 b,1429.0,757.1284,5659.0,1.022,0
GJ 3090 c,1445.0,691.8428,5380.0,0.98,0
GJ 3138 b,2037.0,180.00375200000002,6300.0,1.433,0
GJ 3138 c,1203.0,561.0,5950.0,1.1,0
GJ 3138 d,1085.0,229.7,5326.0,0.877,0
GJ 317 b,1294.0,464.7,5732.0,1.105,0
GJ 317 c,1645.0,383.41051600000003,6572.0,1.621,0
GJ 3222 b,1315.0,558.828,5403.0,0.925,0
GJ 328 b,2101.0,160.47308,6460.0,1.4196000000000002,0
GJ 328 c,1710.0,170.74179999999998,6424.0,1.71,0
GJ 3293 b,1856.0,310.403512,6060.0,1.48,0
GJ 3293 c,1003.0,192.2328,5099.0,0.812,0
GJ 3293 d,1161.0,306.417,5080.0,0.847,0
GJ 3293 e,1518.0,811.3504,6450.0,1.315,0
GJ 3323 b,1054.0,209.7699,5495.0,0.853,0
GJ 3323 c,852.9,87.73,4512.0,0.6564,0
GJ 3341 b,954.6,137.6,4546.0,0.7152,0
GJ 338 B b,834.8,80.45,4405.0,0.6977,0
GJ 341 b,1025.0,183.2395,5304.0,0.871,0
GJ 3470 b,1275.39,625.3023,5990.0,1.117,0
GJ 3473 b,1553.0,740.2246,5758.0,1.44,0
GJ 3473 c,1834.0,125.58751200000002,6010.0,1.046,0
GJ 3512 b,1312.0,471.61,5644.0,1.101,0
GJ 3512 c,1429.0,476.965,5621.0,1.23,0
GJ 357 b,1367.0,355.909,6214.0,1.126,0
GJ 357 c,1902.0,186.95078000000004,6536.0,1.4857999999999998,0
GJ 357 d,1413.4,570.233,5587.0,0.96,0
GJ 3634 b,1721.0,382.7103,7175.0,1.433,0
GJ 367 b,1128.0,269.0,5670.0,1.036,0
GJ 367 c,175.9,0.159,5670.0,1.036,0
GJ 367 d,712.8,47.3315,3724.0,0.57,0
GJ 3779 b,1528.0,903.9,5688.0,1.46,0
GJ 3929 b,1226.1,374.2,5542.0,1.664,0
GJ 3929 c,1237.0,387.4,5416.0,0.933,0
GJ 393 b,1398.3,634.1,5627.0,1.07,0
GJ 3942 b,1793.0,320.912968,6554.0,1.5939999999999999,0
GJ 3988 b,1634.0,264.06747600000006,6277.0,1.31,0
GJ 3998 b,1998.0,452.8116,6626.0,1.5382799999999999,0
GJ 3998 c,2193.0,420.783256,6594.0,1.441,0
GJ 3998 d,1741.0,328.57097999999996,6147.0,1.748,0
GJ 411 b,1295.7,466.6,5137.0,0.8785,0
GJ 414 A b,1084.0,211.6178,4985.0,0.815,0
GJ 414 A c,2730.0,173.10690099381952,5478.352501167678,0.9586832829524681,0
GJ 422 b,586.8,18.0832,4422.6,0.4783,0
GJ 4274 b,739.3,49.58,4656.1,0.7214,0
GJ 4274 c,895.1,106.9,3776.9,0.5758,0
GJ 4276 b,772.3,59.26,3790.4,0.5848,0
GJ 433 b,939.8,129.8,4016.0,0.6259,0
GJ 433 c,828.3,78.37,4071.0,0.6428,0
GJ 433 d,1324.0,510.8195,5679.0,1.086,0
GJ 436 b,1746.0,310.403512,5599.0,1.56,0
GJ 463 b,834.0,80.0,4675.0,0.63,0
GJ 480 b,747.0,52.0,4675.0,0.63,0
GJ 486 b,1153.0,277.0,6327.0,1.296,0
GJ 504 b,886.0,97.0,6327.0,1.296,0
GJ 508.2 b,1800.0,163.090896,6516.0,1.259,0
GJ 514 b,890.0,117.14658,6255.73,1.20664,0
GJ 536 b,1099.0,312.1807,5660.0,0.877,0
GJ 536 c,932.0,162.1675,5660.0,0.877,0
GJ 581 b,636.0,35.0031,5660.0,0.877,0
GJ 581 c,259.4,0.709,5694.0,1.089,0
GJ 581 e,786.0,63.4589,5881.0,1.0,0
GJ 625 b,756.7,77.4842,5881.0,1.0,0
GJ 649 b,800.0,101.9678,5266.0,0.788,0
GJ 667 C b,699.0,54.62112,5266.0,0.788,0
GJ 667 C c,602.0,32.266200000000005,5266.0,0.788,0
GJ 667 C e,533.0,18.9328,5266.0,0.788,0
GJ 667 C f,489.0,11.758599999999998,5266.0,0.788,0
GJ 667 C g,440.0,9.4046,5266.0,0.788,0
GJ 674 b,957.2,198.3948,6200.0,1.19,0
GJ 676 A b,1371.0,735.49,5732.0,0.968,0
GJ 676 A c,990.0,199.9,5732.0,0.968,0
GJ 676 A d,144.9,0.064,5957.0,1.213,0
GJ 676 A e,1361.0,593.4,5742.0,1.2056,0
GJ 680 b,146.0,0.34736,5742.0,0.27058,0
GJ 682 b,720.0,47.01559999999999,5387.0,0.85,0
GJ 682 c,1585.0,359.85184,6221.6,1.5,0
GJ 685 b,750.83,71.8,5712.0,1.08,0
GJ 687 b,905.0,111.6,5664.0,1.058,0
GJ 687 c,677.0,35.1,5664.0,1.058,0
GJ 720 A b,431.0,5.74,5664.0,1.058,0
GJ 724 b,2130.0,281.125036,5799.0,1.59,0
GJ 740 b,370.0,4.6736,5799.0,1.59,1
GJ 806 b,1228.3,356.0,5521.0,0.8385384,0
GJ 806 c,1042.0,121.2266,6791.0,1.68398,0
GJ 832 b,1626.0,256.782076,6179.0,1.41,0
GJ 849 b,1003.11,265.4,6310.0,1.43,0
GJ 849 c,253.08,133.1,6310.0,1.43,0
GJ 86 b,1001.0,161.7314,5131.0,0.855,0
GJ 876 b,656.1,29.1782,5131.0,0.855,0
GJ 876 c,1462.0,759.183,5801.89,1.21,0
GJ 876 d,668.0,33.14,4757.0,0.762,0
GJ 876 e,532.0,13.37,4757.0,0.762,0
GJ 887 b,900.0,162.6252,5773.0,1.33,0
GJ 887 c,650.0,32.5432,4723.0,0.75,0
GJ 896 A b,159.4,0.1578,5390.0,0.946,0
GJ 900 b,400.5,6.29,5390.0,0.946,0
GJ 9066 c,900.0,129.96815999999998,5570.0,1.09,0
GJ 9404 b,345.0,2.538,6300.0,0.7480680000000001,1
GJ 96 b,888.0,68.8,6046.0,1.517,0
GJ 9689 b,767.0,81.7,4931.0,0.782,0
GJ 9714 b,558.0,22.9,4931.0,0.782,0
GJ 9773 b,363.0,4.09,4931.0,0.782,1
GJ 9827 b,752.0,58.1,5784.0,0.96,0
GJ 9827 c,863.0,145.0,5145.0,0.767,0
GJ 9827 d,1209.0,356.0,5052.0,0.75,0
GPX-1 b,150.0,0.5841999999999999,5552.0,1.14,0
GQ Lup b,880.0,100.0,5348.0,0.94,0
GSC 06214-00210 b,600.0,21.0,5348.0,0.94,0
GU Psc b,540.0,14.3,5348.0,0.94,0
Gaia-1 b,390.0,3.9,5348.0,0.94,0
Gaia-2 b,125.0,0.48434,5348.0,0.94,0
Gaia-4 b,278.0,0.99,5348.0,0.94,1
Gaia-5 b,486.0,19.6152,4976.0,0.74,0
Gaia22dkvL b,355.0,4.19458,5166.0,0.857922,1
Gl 378 b,185.0,10.217539999999998,5166.0,0.857922,0
Gl 410 b,2132.0,173.4224,6272.0,1.2798000000000003,0
Gl 49 b,1040.0,281.0812,5603.0,0.856458,0
Gl 686 b,2141.0,184.967376,5596.0,1.13,0
Gl 725 A b,1429.2,904.58168,6500.0,1.31116,0
Gliese 12 b,1181.9,368.8214,6500.0,1.31116,0
HAT-P-1 b,743.0,72.9,4819.0,0.769,0
HAT-P-11 b,581.75,26.5,5106.0,0.7827,0
HAT-P-11 c,660.0,46.925,5368.0,0.93,0
HAT-P-12 b,388.0,4.757000000000001,5368.0,0.93,0
HAT-P-13 b,1459.0,587.098,6091.0,1.19,0
HAT-P-13 c,380.0,3.44,6273.0,1.206,0
HAT-P-14 b,2128.0,337.528868,5978.0,1.1011,0
HAT-P-15 b,1265.4,647.90506,5978.0,1.1011,0
HAT-P-16 b,637.0,25.7431,5871.0,1.044,0
HAT-P-17 b,701.0,144.765,4640.0,0.695,0
HAT-P-17 c,1015.0,176.2,4699.0,0.778,0
HAT-P-18 b,782.0,62.1,4699.0,0.778,0
HAT-P-19 b,410.5,4.72,4699.0,0.778,0
HAT-P-2 b,522.6,12.38,4699.0,0.778,0
HAT-P-2 c,1076.0,64.2648,5540.0,1.059,0
HAT-P-20 b,789.15,91.6542,5080.0,0.4537548,0
HAT-P-21 b,968.0,201.07476,5784.0,1.147,0
HAT-P-22 b,641.0,42.28302,5784.0,1.147,0
HAT-P-23 b,411.0,8.0176,5784.0,1.147,0
HAT-P-24 b,573.0,26.0,4385.0,0.674,0
HAT-P-25 b,546.0,18.561,6169.0,1.117,0
HAT-P-26 b,543.0,16.0,4684.0,0.71,0
HAT-P-27 b,467.0,7.96,4684.0,0.71,0
HAT-P-28 b,909.0,117.0,4684.0,0.71,0
HAT-P-29 b,723.0,46.7,4684.0,0.71,0
HAT-P-3 b,630.0,26.3,4684.0,0.71,0
HAT-P-30 b,805.0,70.0,5075.0,0.772,0
HAT-P-31 b,469.6,8.1,3933.0,0.57,0
HAT-P-32 b,1198.46,461.4,6353.0,1.4182,0
HAT-P-33 b,1585.57,347.373476,6353.0,1.4182,0
HAT-P-34 b,709.0,42.2,3803.0,0.439,0
HAT-P-35 b,557.0,16.1,3803.0,0.439,0
HAT-P-36 b,2061.0,310.403512,6801.0,1.56,0
HAT-P-37 b,261.0,0.76,5966.0,1.27,0
HAT-P-38 b,867.0,98.7475,6189.0,1.425,0
HAT-P-39 b,643.0,29.9535,6189.0,1.425,0
HAT-P-4 b,561.0,17.3745,6189.0,1.425,0
HAT-P-40 b,2395.0,346.014276,6035.0,1.36,0
HAT-P-41 b,1377.0,488.07216,5766.0,1.08,0
HAT-P-42 b,1066.0,345.9148,5766.0,1.08,0
HAT-P-43 b,945.0,163.17424,5766.0,1.08,0
HAT-P-44 b,450.0,9.1004,3703.49,0.478214,0
HAT-P-44 c,1774.0,104.26595200000001,5261.0,0.88,0
HAT-P-45 b,564.0,16.9,5261.0,0.88,0
HAT-P-46 b,859.5,88.9,5261.0,0.88,0
HAT-P-49 b,374.8,4.976360000000001,5261.0,0.88,0
HAT-P-5 b,990.0,187.3766,5000.0,0.84,0
HAT-P-50 b,798.3,98.09,6128.0,1.266,0
HAT-P-51 b,479.0,11.3814,5666.0,0.897,0
HAT-P-52 b,910.0,141.19642,4956.0,0.716684,0
HAT-P-53 b,696.0,54.68664000000001,4956.0,0.716684,0
HAT-P-54 b,541.0,19.064,4956.0,0.716684,0
HAT-P-55 b,398.0,6.52464,4956.0,0.716684,0
HAT-P-56 b,255.0,1.9458,4956.0,0.716684,0
HAT-P-57 b,337.0,3.16,5727.0,0.999,1
HAT-P-58 b,957.0,138.85,4593.0,0.679,0
HAT-P-59 b,553.0,15.5,4593.0,0.679,0
HAT-P-6 b,349.0,2.46,4593.0,0.679,1
HAT-P-60 b,405.0,7.1850000000000005,6136.0,1.32,0
HAT-P-61 b,943.0,132.0,6203.0,1.194,0
HAT-P-62 b,1133.0,257.066,6117.6,1.751,0
HAT-P-63 b,1075.31,339.1,5934.0,1.0072,0
HAT-P-64 b,967.11,145.5707,5553.0,0.934,0
HAT-P-65 b,678.92,35.3582,5553.0,0.934,0
HAT-P-66 b,1040.0,418.567,5688.0,0.912,0
HAT-P-67 b,825.22,115.6,5513.0,0.9598,0
HAT-P-68 b,619.59,36.7,5513.0,0.9598,0
HAT-P-69 b,911.0,111.9729,6252.6,1.22,0
HAT-P-7 b,714.0,43.3,4511.0,0.65,0
HAT-P-70 b,498.0,10.2,4511.0,0.65,0
HAT-P-8 b,1260.0,602.1985999999999,6117.0,1.23,0
HAT-P-9 b,1128.86,413.1008,6007.0,1.3174,0
HATS-1 b,825.9,113.7,5131.0,0.78,0
HATS-10 b,583.6,28.35,5075.0,0.7821,0
HATS-11 b,499.0,15.17,5075.0,0.7821,0
HATS-12 b,405.0,30.553,5565.0,1.05,0
HATS-13 b,2463.0,269.865108,5959.0,1.22,0
HATS-14 b,203.2,0.142,5837.0,1.062,0
HATS-15 b,640.0,35.88960000000001,5746.0,1.1303,0
HATS-16 b,176.0,0.3836,5863.0,1.053,0
HATS-17 b,1311.0,647.901,5863.0,1.053,0
HATS-18 b,460.0,12.8768,5861.0,1.543,0
HATS-2 b,1089.0,275.6427,5576.0,1.747,0
HATS-22 b,1842.23,203.761112,5908.0,1.0311,0
HATS-23 b,1212.45,543.8,5908.0,1.0311,0
HATS-24 b,1000.0,151.06598000000002,6301.6,1.48667,0
HATS-25 b,385.0,7.42,5097.0,0.868,0
HATS-26 b,156.5,0.1,5722.0,1.088,0
HATS-27 b,751.0,41.924,5212.0,0.728,0
HATS-28 b,721.0,70.61179999999999,4930.0,0.742,0
HATS-29 b,585.0,180.487,4930.0,0.742,0
HATS-3 b,753.2,51.2858,5048.0,0.758,0
HATS-30 b,1300.0,803.59708,6655.0,1.59186,0
HATS-31 b,1123.0,451.0,5289.0,0.98,0
HATS-32 b,920.0,203.0,5289.0,0.98,0
HATS-33 b,959.0,140.0,6320.0,1.273,0
HATS-34 b,757.0,54.0,6320.0,1.273,0
HATS-35 b,367.0,3.01,6320.0,1.273,1
HATS-36 b,335.0,2.1,6320.0,1.273,1
HATS-37 A b,294.0,1.24,6320.0,1.273,1
HATS-38 b,605.0,22.3,6320.0,1.273,0
HATS-39 b,1411.0,661.0,4590.0,0.7242,0
HATS-4 b,1500.0,311.799884,5879.2,1.77,0
HATS-40 b,1175.0,341.0878,5675.0,1.38,0
HATS-41 b,917.0,136.188,5675.0,1.38,0
HATS-42 b,2507.0,342.95500000000004,6065.8,1.6920100000000002,0
HATS-43 b,2700.0,173.10690099381952,5478.352501167678,0.9586832829524681,0
HATS-44 b,2450.0,299.082,5451.0,1.6726,0
HATS-45 b,2050.0,310.403512,6621.6,1.5684,0
HATS-46 b,794.96,88.9,5618.0,0.9603,0
HATS-47 b,650.68,39.9,5618.0,0.9603,0
HATS-48 A b,1060.0,219.2841,5991.0,1.08,0
HATS-49 b,640.88,40.3,5649.0,0.9593,0
HATS-5 b,470.31,11.7,5649.0,0.9593,0
HATS-50 b,701.66,9.0686,5216.0,0.8418,0
HATS-51 b,642.0,37.135000000000005,5216.0,0.8418,0
HATS-52 b,234.4,0.503,4281.4400000000005,0.299,0
HATS-53 b,1255.0,782.5850800000001,6597.0,1.334,0
HATS-54 b,171.0,0.3908,5794.0,1.53,0
HATS-55 b,1552.0,381.934904,6354.0,1.258,0
HATS-56 b,1309.0,512.0,6354.0,1.258,0
HATS-57 b,1061.0,217.0,6354.0,1.258,0
HATS-58 A b,1200.0,807.0705800000001,7204.58,1.49338,0
HATS-59 b,1200.0,807.0705800000001,7204.58,1.49338,0
HATS-59 c,1300.0,740.9014800000001,7204.58,1.49338,0
HATS-6 b,1150.0,531.26368,6088.6,1.49338,0
HATS-60 b,854.0,41.4199,4080.0,1.45,0
HATS-61 b,2601.0,328.57097999999996,6428.4,1.6499388,0
HATS-62 b,649.0,42.1,5533.0,0.956,0
HATS-63 b,1841.0,253.69195600000003,5945.0,1.24,0
HATS-64 b,618.0,29.61076,4927.0,0.76,0
HATS-65 b,798.0,62.1,3712.0,0.48,0
HATS-66 b,805.0,100.0,5373.0,0.905,0
HATS-67 b,1649.0,328.57097999999996,6061.0,1.81,0
HATS-68 b,1360.0,762.0,5599.0,1.76,0
HATS-69 b,734.0,9.84,5433.0,0.61864,0
HATS-7 b,638.0,27.7,5010.0,0.713,0
HATS-70 b,1309.0,490.0,5775.0,1.25,0
HATS-71 b,1098.0,277.39,5660.0,1.24,0
HATS-72 b,701.4,40.0,4899.0,0.832,0
HATS-74 A b,696.0,20.4393,5870.0,0.855,0
HATS-75 b,868.0,145.8,3778.0,0.51,0
HATS-76 b,537.0,21.4,3778.0,0.51,0
HATS-77 b,666.0,54.9,4740.0,0.71,0
HATS-8 b,1026.0,185.0,5672.0,1.117,0
HATS-9 b,716.0,62.5,4526.0,0.675,0
HD 100546 b,769.0,79.9,4009.0,0.59,0
HD 100655 b,338.0,2.9,4035.0,0.59,1
HD 100777 b,442.0,8.7,4070.4,0.388,0
HD 101581 b,601.0,35.3,4339.0,0.65,0
HD 101581 c,809.0,105.6,4575.0,0.66,0
HD 10180 c,511.0,22.8,5698.0,0.78,0
HD 10180 d,2223.0,174.036512,5120.0,0.7595,0
HD 10180 e,1586.0,293.374,4840.0,0.5660000000000001,0
HD 10180 f,734.0,48.3251,3655.0,0.455,0
HD 10180 g,296.0,1.8,3655.0,0.455,1
HD 10180 h,610.0,33.5,4500.0,0.677,0
HD 101930 b,470.0,11.91,4500.0,0.677,0
HD 102117 b,420.0,7.07,4500.0,0.677,0
HD 102195 b,1471.0,494.6379800000001,3697.0,0.29,0
HD 102272 b,1157.0,486.0,5356.3,0.863,0
HD 102329 b,1012.0,279.0,5356.3,0.863,0
HD 102329 c,888.0,160.0,5356.3,0.863,0
HD 102365 b,757.0,91.1,5356.3,0.863,0
HD 102843 b,653.0,51.0,5356.3,0.863,0
HD 102888 b,445.0,9.29,5356.3,0.863,0
HD 102956 b,524.0,14.8,5370.0,0.88,0
HD 103197 b,488.0,8.0,3789.0,0.45,0
HD 103720 b,962.0,204.0,5585.0,1.06,0
HD 103774 b,2103.0,272.421708,4570.0,0.681,0
HD 103891 b,695.0,39.1,4570.0,0.681,0
HD 103949 b,534.0,20.7,4095.0,0.33,0
HD 104067 b,1077.0,200.1,3690.0,0.578,0
HD 104067 c,676.0,48.0,5131.0,0.68,0
HD 10442 b,566.0,20.8,3695.0,0.45,0
HD 104985 b,337.0,2.9,4044.0,0.61,1
HD 105618 b,497.0,11.8,3845.0,0.53,0
HD 105618 c,715.0,57.5,4097.0,0.63,0
HD 105779 b,552.0,20.5,4097.0,0.63,0
HD 106252 b,708.0,19.9,4258.0,0.58,0
HD 106270 b,583.0,7.0,4258.0,0.58,0
HD 106315 b,381.0,1.67,4258.0,0.58,0
HD 106315 c,1347.0,544.63086,4460.0,0.62,0
HD 10647 b,2432.0,258.434912,5334.0,0.86,0
HD 106515 A b,587.0,22.65,5334.0,0.86,0
HD 106906 b,429.1,6.46,5334.0,0.86,0
HD 10697 b,794.0,98.2256,5503.0,0.95,0
HD 107148 b,948.0,160.72220000000002,5503.0,0.95,0
HD 107148 c,684.0,51.57734000000001,5425.0,0.83,0
HD 108147 b,658.0,44.5,4742.0,0.66,0
HD 108202 b,485.0,13.1,4742.0,0.66,0
HD 108236 b,631.0,34.491,4842.0,0.69,0
HD 108236 c,629.38,37.0819,5185.0,0.803827,0
HD 108236 e,1140.0,472.37636,5960.0,1.61,0
HD 108236 f,1220.0,317.0,6310.0,1.499,0
HD 108341 b,766.35,68.01400000000001,5502.7,0.83,0
HD 108863 b,487.0,4.91,4320.0,0.66,0
HD 108874 b,455.0,10.9555,4455.0,0.676,0
HD 108874 c,840.29,117.826,5525.0,0.887267,0
HD 109246 b,284.0,1.005,4035.2,0.411,1
HD 109271 b,363.0,3.1742600000000003,3727.8,0.411,1
HD 109271 c,797.5,48.3,5365.0,0.719,0
HD 109286 b,949.0,192.0,5528.0,1.06,0
HD 109749 b,965.8,146.9,5128.0,0.789,0
HD 10975 b,787.0,80.571,5482.0,0.87,0
HD 109833 b,615.0,32.0092,5482.0,0.87,0
HD 109833 c,533.0,18.68332,5245.0,0.75,0
HD 109988 b,809.0,90.3896,5788.0,0.94,0
HD 110014 b,477.0,11.3304,5788.0,0.94,0
HD 110067 b,1815.0,194.089132,5438.0,0.83,0
HD 110067 c,1173.0,371.2022,5438.0,0.83,0
HD 110067 d,865.0,131.83311999999998,5438.0,0.83,0
HD 110067 e,698.0,59.92494000000001,5438.0,0.83,0
HD 110067 f,1692.0,231.75073600000002,5977.0,1.19,0
HD 110067 g,1026.0,230.628,5977.0,1.19,0
HD 110082 b,1203.0,497.0,5442.0,0.879,0
HD 110113 b,877.0,140.0,5442.0,0.879,0
HD 110113 c,779.0,87.0,5322.0,0.82,0
HD 110537 b,679.0,51.0,5322.0,0.82,0
HD 11112 b,1142.0,404.0,5322.0,0.82,0
HD 111232 b,939.0,181.77598,5222.0,0.81,0
HD 111232 c,739.0,79.0932,5817.0,0.98,0
HD 111591 b,720.0,72.51852,5713.0,0.99,0
HD 111998 b,848.0,126.7884,5667.0,0.93,0
HD 112300 b,715.8,48.663920000000005,5212.9,0.757,0
HD 112570 b,1229.9,501.60858,5212.9,0.757,0
HD 112640 b,943.2,189.01698,5212.9,0.757,0
HD 113337 b,913.0,116.2,4491.0,0.682,0
HD 113337 c,694.0,38.6,4491.0,0.682,0
HD 11343 c,738.4,63.0114,5026.0,0.765,0
HD 113538 b,1148.0,511.3718,5783.0,1.253,0
HD 113538 c,1122.0,479.9842,5500.0,0.872,0
HD 113996 b,500.0,10.0,4222.06,0.646783,0
HD 114082 b,420.0,5.1,4222.06,0.646783,0
HD 114386 b,1873.0,274.832176,5117.0,0.818,0
HD 114729 b,542.0,21.964,4349.0,0.678,0
HD 114783 b,1001.0,238.0,5875.0,1.236,0
HD 114783 c,1103.0,248.0,4503.0,0.72,0
HD 11505 b,2100.0,114.0,3879.0,0.58,0
HD 11506 b,761.0,79.7,5612.0,1.026,0
HD 11506 c,871.0,96.0,5942.0,1.115,0
HD 11506 d,2271.0,247.27802400000002,5859.0,1.0,0
HD 115404 A b,1091.0,325.0254,5859.0,1.0,0
HD 115404 A c,1002.0,222.0584,5620.0,0.84,0
HD 115954 b,764.0,99.7728,5620.0,0.84,0
HD 116029 b,923.0,162.27620000000002,5520.0,1.7,0
HD 116029 c,1187.0,495.41608,5288.0,0.889,0
HD 117207 b,914.0,121.7858,4715.0,0.65,0
HD 11755 b,1818.0,126.93768,5315.0,0.79,0
HD 117618 b,750.0,66.0,5315.0,0.79,0
HD 118203 b,1529.0,420.783256,5945.0,1.39,0
HD 118203 c,1030.0,312.155,6154.0,1.161,0
HD 11964 b,1127.0,269.0,4796.0,0.71,0
HD 11964 c,794.0,66.2,4796.0,0.71,0
HD 11977 b,525.0,12.7,4796.0,0.71,0
HD 120084 b,1759.0,286.363172,6180.0,1.236,0
HD 121504 b,1587.0,310.403512,5630.0,1.59,0
HD 12235 b,502.0,10.05646,3856.2,0.36,0
HD 12235 c,427.0,5.21986,4636.812,0.36,0
HD 122562 c,399.0,4.66826,4263.4,0.36,0
HD 124330 b,686.0,52.0,5625.0,1.16,0
HD 12484 b,542.0,20.0,5625.0,1.16,0
HD 125271 b,586.0,29.587200000000003,3810.0,0.54,0
HD 125390 b,389.0,8.632439999999999,3810.0,0.54,0
HD 125595 b,507.0,17.339199999999998,5262.0,0.75,0
HD 125612 b,416.0,4.96186,4110.412,0.37,0
HD 125612 c,1035.0,250.12964,6570.0,1.39,0
HD 125612 d,801.0,92.496,6570.0,1.39,0
HD 12648 b,638.0,42.00682,5677.0,0.92,0
HD 126525 b,923.0,83.0,5793.0,1.25,0
HD 12661 b,977.0,200.1682,5610.0,0.94,0
HD 12661 c,979.0,182.6758,4667.0,0.69,0
HD 126614 b,688.0,65.21976,4667.0,0.69,0
HD 127506 b,886.0,120.79635999999998,5528.0,0.92,0
HD 128311 b,1061.0,279.45848,6504.0,1.57,0
HD 128311 c,494.0,9.91,4193.6,0.2932,0
HD 128356 b,1003.0,217.0914,5003.0,0.797,0
HD 128717 b,437.0,7.546399999999998,3717.0,0.49,0
HD 129445 b,639.0,37.63468,5152.0,0.82,0
HD 130322 b,1238.0,365.8185,6027.0,1.1,0
HD 131496 b,791.0,114.5512,4629.0,0.67,0
HD 13167 b,551.0,24.3304,4629.0,0.67,0
HD 13189 b,1034.0,198.6608,4676.0,0.69,0
HD 132406 b,789.0,65.50932,3725.0,0.5,0
HD 132563 b,831.0,104.7962,6351.0,1.31,0
HD 133131 A b,795.0,114.8184,6059.0,1.13,0
HD 133131 A c,430.0,5.8,3785.0,0.52,0
HD 133131 B b,2090.0,328.57097999999996,6860.0,1.755,0
HD 134060 b,1036.0,180.0,5490.0,1.663,0
HD 134060 c,470.0,8.17,5368.0,0.85,0
HD 134606 b,496.0,11.71978,3660.0,0.473,0
HD 134606 c,331.0,3.32026,3660.0,0.473,1
HD 134606 d,1366.0,592.0,5420.0,0.92,0
HD 134606 e,1515.0,879.5,4285.0,0.703,0
HD 134606 f,664.5,32.4,4285.0,0.703,0
HD 134987 b,538.3,13.95,4285.0,0.703,0
HD 134987 c,490.1,9.581,4285.0,0.703,0
HD 135344 A b,1136.0,424.52606,5106.0,0.78,0
HD 135625 b,696.0,57.3824,5106.0,0.78,0
HD 135694 b,888.0,167.34542000000002,5106.0,0.78,0
HD 135872 b,801.0,106.66904,5106.0,0.78,0
HD 136118 b,492.0,15.08926,5106.0,0.78,0
HD 136352 b,1429.0,904.27926,6209.0,1.45,0
HD 136352 c,836.0,116.0,5246.0,0.876,0
HD 136352 d,1203.0,367.47976000000006,4877.0,0.77,0
HD 136418 b,848.0,108.5804,4877.0,0.77,0
HD 136925 b,893.0,133.8067,5644.0,0.99,0
HD 13724 c,747.0,60.86900000000001,5397.0,0.83,0
HD 137388 b,849.0,110.7604,5161.0,0.85,0
HD 137496 b,655.0,65.5846,5044.0,0.7,0
HD 137496 c,1166.0,161.2476,4841.0,0.69,0
HD 13808 b,653.0,45.7572,4841.0,0.69,0
HD 13808 c,583.0,23.965200000000003,5139.0,0.85,0
HD 13908 b,1049.0,195.0,5680.0,0.973,0
HD 13908 c,1711.0,383.41051600000003,6747.0,1.61,0
HD 13931 b,879.0,133.14716,5558.0,0.86,0
HD 139357 b,568.0,30.1,4185.4,0.288,0
HD 1397 b,787.0,69.5,5500.0,1.28,0
HD 14067 b,665.0,43.8356,4812.0,0.76,0
HD 140901 b,1057.0,227.13118,5499.0,1.0,0
HD 140901 c,1186.0,339.22032,5060.0,0.82,0
HD 141004 b,653.0,42.6,4140.0,0.607,0
HD 141399 b,1088.9,234.31,4975.0,0.787,0
HD 141399 c,741.4,50.35,4975.0,0.787,0
HD 141399 d,619.9,24.61,4975.0,0.787,0
HD 141399 e,500.9,10.5,4975.0,0.787,0
HD 141937 b,347.0,4.4024,3926.0,0.62,1
HD 142 A d,804.0,111.86280000000002,5695.0,1.07,0
HD 142 b,226.36,1.0145000000000002,4035.2,0.32,0
HD 142 c,753.0,75.67240000000001,5529.0,1.025,0
HD 142022 A b,1171.0,293.0,5358.0,0.86,0
HD 142245 b,1230.0,517.3746,6302.0,1.511,0
HD 142415 b,676.0,50.1964,6302.0,1.511,0
HD 143105 b,1278.0,633.0,5520.0,0.899,0
HD 143361 b,795.0,67.0,5725.0,1.09,0
HD 143811 AB b,750.0,75.6724,5532.0,0.947,0
HD 144899 b,1425.0,781.1987799999999,5612.0,1.2,0
HD 145377 b,852.0,97.8595,4444.0,0.7,0
HD 145457 b,501.3,10.5,3844.0,0.546,0
HD 145675 c,371.8,3.17,3844.0,0.546,1
HD 145934 b,305.2,1.44,3844.0,0.546,1
HD 1461 b,1092.0,299.0,5425.0,0.844,0
HD 1461 c,1213.76,512.9234,6100.0,1.24,0
HD 147018 b,1688.0,266.267216,5280.0,0.78,0
HD 147018 c,460.0,7.45,3838.6,0.196,0
HD 147379 b,841.0,102.50564,4539.2,0.379,0
HD 147513 b,423.0,4.96186,4110.412,0.379,0
HD 14787 b,432.0,5.181399999999999,4207.012000000001,0.379,0
HD 147873 b,456.0,11.08152,3851.0,0.552,0
HD 147873 c,641.0,40.381600000000006,5440.0,0.898,0
HD 148156 b,837.0,79.5,5271.0,0.86,0
HD 148164 b,634.0,26.2,5271.0,0.86,0
HD 148164 c,550.0,14.8,5271.0,0.86,0
HD 149026 b,1066.0,252.7674,5271.0,0.86,0
HD 149143 b,698.0,43.265,4495.2,0.3,0
HD 149806 b,830.0,68.5516,3750.0,0.595,0
HD 150010 b,635.0,31.101160000000004,4141.0,0.602,0
HD 1502 b,318.0,2.4604,3710.0,0.549,1
HD 150706 b,707.0,41.70114,3752.0,0.505,0
HD 151450 b,423.0,6.44,3936.4,0.298,0
HD 151450 c,1114.0,214.16032,3924.0,0.688,0
HD 152079 b,650.0,45.7,5282.0,0.822,0
HD 152581 b,850.0,73.85816,5959.0,1.05,0
HD 152843 b,969.0,114.929,6232.0,1.5,0
HD 152843 c,909.0,161.55080000000004,5994.0,1.06,0
HD 15337 b,673.0,51.5971,5994.0,1.06,0
HD 15337 c,266.0,1.20444,4049.6,0.28,0
HD 153557 b,826.0,102.1266,5880.0,1.22,0
HD 153557 c,1380.0,832.2294,6502.0,1.49,0
HD 153557 d,949.0,188.86996,6222.0,1.33,0
HD 153950 b,569.0,25.6842,5424.0,0.8,0
HD 154088 b,850.0,144.0324,5869.0,1.32,0
HD 154345 b,783.0,100.061,4558.0,0.63,0
HD 154391 b,508.0,15.375599999999997,4857.0,0.72,0
HD 154672 b,1687.0,420.783256,6168.0,1.42,0
HD 154857 b,606.0,33.4082,5532.0,1.13,0
HD 154857 c,598.0,35.1714,5817.0,1.16,0
HD 155193 b,861.0,152.9362,5920.0,1.09,0
HD 155358 b,653.0,37.17003999999999,3804.0,0.46,0
HD 155358 c,465.0,9.156,3804.0,0.46,0
HD 155918 b,722.0,37.2966,4374.0,0.49,0
HD 155918 c,437.0,10.29898,3779.0,0.52,0
HD 156098 b,450.0,8.8138,4801.0,0.7,0
HD 156098 c,640.0,39.2402,4599.0,0.63,0
HD 156279 b,908.0,133.083,5077.0,0.85,0
HD 156279 c,655.0,44.72580000000001,5077.0,0.85,0
HD 156411 b,518.0,16.717419999999997,4385.0,0.49,0
HD 156668 b,979.0,211.0,4402.71,0.619575,0
HD 156668 c,766.0,68.0,4402.71,0.619575,0
HD 156846 b,1158.0,442.9758,5789.0,1.04,0
HD 158038 b,687.0,50.9832,5789.0,1.04,0
HD 158259 b,934.0,163.17424,5769.0,1.05,0
HD 158259 c,1160.0,453.3662000000001,5791.0,0.95,0
HD 158259 d,885.0,135.25964000000002,5791.0,0.95,0
HD 158259 e,727.0,90.32252,5791.0,0.95,0
HD 158259 f,735.0,33.0649,5698.0,0.99,0
HD 158996 b,543.0,18.9182,3669.0,0.41,0
HD 15906 b,1066.0,480.493,5790.0,0.92,0
HD 15906 c,624.0,31.3198,5568.0,0.86,0
HD 159243 b,735.0,90.32252,5794.0,1.0,0
HD 159243 c,888.0,147.24486000000002,5650.0,0.91,0
HD 159868 b,1328.0,519.0,4916.0,0.718,0
HD 159868 c,854.0,89.0,4916.0,0.718,0
HD 1605 b,912.0,115.0,5679.0,0.98,0
HD 1605 c,949.0,193.0,5352.0,0.809,0
HD 160691 b,839.0,118.0,5352.0,0.809,0
HD 160691 c,646.0,41.3,5352.0,0.809,0
HD 160691 d,1267.0,428.205,5377.0,0.971,0
HD 160691 e,956.83,198.0922,4925.0,0.736,0
HD 161178 b,1266.0,426.0,5731.0,1.06,0
HD 16141 b,916.0,117.0,5731.0,1.06,0
HD 16175 b,874.0,138.0,5310.0,0.91,0
HD 162020 b,932.0,179.0,5773.0,1.094,0
HD 163607 b,1670.0,100.337,4881.0,0.8506,0
HD 163607 c,1119.0,260.965,5558.0,0.966,0
HD 16417 b,643.0,28.5068,4938.0,0.631,0
HD 164509 b,563.0,15.6,4014.73,0.569359,0
HD 164595 b,949.0,134.883,5511.0,0.886,0
HD 164604 b,969.0,146.577,4927.0,0.765,0
HD 164922 b,412.4,4.82,4263.4,0.1965,0
HD 164922 c,447.0,10.04278,3746.0,0.554,0
HD 164922 d,558.0,26.190999999999995,3861.0,0.5776,0
HD 164922 e,377.0,3.3,3711.0,0.541,0
HD 165131 b,939.3,49.0,3840.6,0.542,0
HD 165155 b,1093.7,215.2916,3840.6,0.542,0
HD 1666 b,1211.0,646.0,5912.0,1.58,0
HD 166724 b,1073.56,100.0,4103.0,0.445,0
HD 167042 b,889.0,119.0,6256.0,1.29,0
HD 167677 b,565.0,24.1,3930.0,0.57,0
HD 167768 b,456.0,10.2,3930.0,0.57,0
HD 168009 b,2004.0,539.4744720000001,7147.0,1.5406279999999999,0
HD 168443 b,665.0,52.5,5263.0,0.807,0
HD 168443 c,560.0,6.1,3990.0,0.643,0
HD 168746 b,900.0,141.3,4300.0,0.715,0
HD 168863 b,635.8,24.1,4413.0,0.671,0
HD 1690 b,615.0,28.6,5850.0,0.96,0
HD 16905 b,1400.0,245.14995199999998,5500.0,1.12,0
HD 169142 b,1325.0,730.0,5748.0,0.995,0
HD 169830 b,666.0,46.7,4455.0,0.696,0
HD 169830 c,495.0,14.3,4455.0,0.696,0
HD 170469 b,1372.0,840.0,5887.0,1.67,0
HD 17092 b,786.0,125.0,5700.0,1.533,0
HD 171028 b,968.0,209.0,5867.0,1.058,0
HD 171238 b,186.1,0.285,5867.0,1.058,0
HD 17156 b,806.0,58.0,5160.0,0.792,0
HD 173416 b,1022.0,181.0,5897.0,1.265,0
HD 174205 b,631.0,37.7,4870.0,0.74,0
HD 175167 b,801.0,97.8,4870.0,0.74,0
HD 175541 b,1355.0,800.0,4232.0,0.71,0
HD 175607 b,979.0,85.0,5747.0,1.401,0
HD 17674 b,314.0,1.36,3991.6,0.31,1
HD 176986 b,502.0,10.2,4484.0,0.619,0
HD 176986 c,474.0,10.14256,3970.4,0.4,0
HD 176986 d,1566.0,114.149,4673.0,0.52738,0
HD 177565 b,1185.0,339.0,6260.0,1.518,0
HD 177830 b,1184.0,357.0,6069.0,1.4380000000000002,0
HD 177830 c,390.0,7.0200000000000005,6069.0,0.24514360000000002,0
HD 178911 B b,2361.0,341.528552,6516.0,1.471,0
HD 179079 b,1377.0,600.0,5948.0,1.209,0
HD 179949 b,1712.0,80.3028,5375.0,0.831095,0
HD 180053 b,1800.0,220.37520000000004,6279.0,1.476,0
HD 18015 b,1970.0,826.113,5720.0,1.52,0
HD 180314 b,1642.0,328.57097999999996,6003.0,1.78,0
HD 180617 b,2453.0,321.202876,6236.0,1.36,0
HD 180902 b,2087.0,318.23220000000003,6171.442,1.645,0
HD 181234 b,2085.0,290.27981600000004,6670.0,1.7123720000000002,0
HD 181342 b,1935.0,173.10690099381952,5478.352501167678,0.9586832829524681,0
HD 18143 b,2080.0,289.9388,6327.0,1.3155999999999999,0
HD 18143 c,2262.0,277.73100000000005,6282.719999999999,1.565,0
HD 181433 b,2051.0,281.07636,6067.0,1.638,0
HD 181433 c,1561.0,361.65300800000006,5899.0,0.996,0
HD 181433 d,1391.0,624.0,6426.0,1.338,0
HD 181720 b,1816.0,328.57097999999996,6304.0,1.7,0
HD 183263 b,1823.0,383.378116,6206.0,1.603,0
HD 183263 c,1313.0,718.188,6102.0,1.73,0
HD 183579 b,2048.0,328.57097999999996,6768.0,1.81,0
HD 184010 b,1675.0,337.268752,5754.0,1.46,0
HD 184010 c,4050.0,173.10690099381952,5478.352501167678,0.9586832829524681,0
HD 184010 d,308.0,2.9,6340.0,1.24,1
HD 18438 b,264.0,3.356,6065.0,1.03,0
HD 185269 b,594.4,20.56,4135.0,0.619,0
HD 185283 b,392.5,3.91,4135.0,0.619,0
HD 18599 b,911.0,196.507,6635.0,1.4,0
HD 187085 b,511.0,7.28,5520.0,1.13,0
HD 187123 b,2550.0,271.311,6470.6,1.74,0
HD 187123 c,659.0,45.0,6160.0,1.667,0
HD 18742 b,758.0,68.563,5466.0,0.897,0
HD 188015 b,660.0,44.8,5833.0,0.972,0
HD 188641 b,755.0,76.81,5833.0,0.972,0
HD 189567 b,412.0,5.7,5922.0,1.143,0
HD 189567 c,321.0,2.49,5922.0,1.143,1
HD 189733 b,475.0,11.8,5233.0,0.835,0
HD 190007 b,613.0,27.35,4413.0,0.667,0
HD 190228 b,1654.0,513.74032,4530.8,0.45,0
HD 190360 b,1046.0,272.033,5545.0,0.86,0
HD 190360 c,758.0,78.19,5900.0,1.2,0
HD 190647 b,785.0,90.2,6001.0,1.255,0
HD 190984 b,686.0,52.5,6001.0,1.255,0
HD 191806 b,1062.0,316.442,6080.0,1.2,0
HD 191939 b,987.0,236.315,6080.0,1.2,0
HD 191939 c,520.0,18.168,6080.0,1.2,0
HD 191939 d,450.0,10.228,6080.0,1.2,0
HD 191939 e,407.0,6.796,6080.0,1.2,0
HD 191939 f,342.0,3.387,6031.13,1.185,1
HD 191939 g,294.0,1.849,6031.13,1.185,1
HD 192263 b,347.0,3.3,5830.0,0.96,1
HD 192310 b,1180.0,320.0,4526.0,0.4,0
HD 192310 c,805.0,99.24,5241.0,0.874,0
HD 192699 b,432.0,8.27,4324.0,0.788,0
HD 194490 b,1486.0,350.95031600000004,6182.0,1.52,0
HD 195019 b,1012.0,268.219,6182.0,1.52,0
HD 196050 b,806.0,97.12,6182.0,1.52,0
HD 196067 b,584.0,29.7,6182.0,1.52,0
HD 196067 c,1022.0,186.31,5295.0,0.818,0
HD 19615 b,597.0,32.38146,5295.0,0.818,0
HD 196885 A b,1459.0,729.0,5165.0,0.907,0
HD 197037 b,2188.0,179.878096,5708.0,1.065,0
HD 199509 b,579.0,18.3,5708.0,1.065,0
HD 19994 b,387.0,6.9464,5708.0,1.065,0
HD 20003 b,1155.0,478.214,5837.0,1.51,0
HD 20003 c,939.0,208.657,5825.0,1.49,0
HD 200964 b,670.0,53.981,5825.0,1.49,0
HD 200964 c,473.0,18.0,6453.0,1.51,0
HD 202206 c,693.0,40.853,5491.0,0.88,0
HD 202696 b,804.0,72.4,5376.0,0.836475,0
HD 202696 c,1453.0,310.403512,6144.0,1.57,0
HD 202772 A b,1157.0,814.925,6109.0,1.17,0
HD 203030 b,1661.0,157.17540000000002,4972.0,1.0046558,0
HD 20329 b,1026.0,301.329,5782.0,1.06,0
HD 203387 b,791.0,153.493,5328.0,0.74,0
HD 203387 c,652.0,42.62,4587.0,0.7,0
HD 2039 b,627.0,35.408,5066.0,0.78,0
HD 204313 b,403.0,11.561,4027.0,0.57,0
HD 204313 c,1513.0,399.404116,5667.0,1.56,0
HD 204313 e,1413.0,596.069,5667.0,1.56,0
HD 204941 b,477.0,10.17,5253.0,0.82,0
HD 205158 b,920.0,108.788,5416.0,0.88,0
HD 205739 b,934.0,191.811,5556.0,0.91,0
HD 206255 b,766.0,16.101,4954.0,0.76,0
HD 206610 b,614.0,33.479,5388.0,0.84,0
HD 206893 b,1040.0,172.112,6769.0,1.81,0
HD 206893 c,1540.0,240.14963200000003,5821.0,1.0,0
HD 207496 b,407.0,7.071,5821.0,1.0,0
HD 20781 b,831.0,119.603,5473.0,0.87,0
HD 20781 c,498.0,12.098,5518.0,0.88,0
HD 20781 d,1164.0,330.249,4433.0,0.67,0
HD 20781 e,857.0,90.0,4909.0,0.724,0
HD 20782 b,777.0,61.0,4909.0,0.724,0
HD 207832 b,686.0,36.9,4909.0,0.724,0
HD 207832 c,590.0,20.3,4909.0,0.724,0
HD 207897 b,495.0,10.0,4909.0,0.724,0
HD 20794 b,325.0,2.339,5227.0,0.8,1
HD 20794 d,634.0,50.37,5431.0,0.86,0
HD 20794 e,512.0,19.258,4445.0,0.68,0
HD 20794 f,524.0,6.978,5494.0,0.89,0
HD 208487 b,376.0,5.446,5143.0,0.78,0
HD 208527 b,1654.0,17.952,6089.0,1.13,0
HD 20868 b,425.0,5.988,4948.0,0.75,0
HD 208897 b,1268.0,166.756912,5436.0,0.82,0
HD 209458 b,1217.0,519.636,5522.0,0.87,0
HD 210193 b,790.0,92.16,5030.0,0.77,0
HD 210277 b,973.0,150.536,6047.0,1.492,0
HD 210702 b,434.0,5.97,6047.0,1.492,0
HD 211403 b,529.0,16.881,4983.0,0.76,0
HD 211810 b,2024.0,238.161052,6011.0,1.12,0
HD 211970 b,802.0,176.144,4647.0,0.71,0
HD 212301 b,914.0,159.422,5547.0,0.92,0
HD 212771 b,675.0,36.787,5198.0,0.8,0
HD 213240 b,1301.0,386.340304,5763.0,0.97,0
HD 213472 b,326.0,2.821,5533.0,0.89,1
HD 213519 b,1650.0,406.775912,5105.0,0.78,0
HD 213885 b,285.0,1.512,5335.0,0.83,1
HD 213885 c,784.0,89.24,5159.0,0.821,0
HD 21411 b,2080.0,668.128,4870.0,0.74,0
HD 214823 b,852.0,119.907,5711.0,1.349,0
HD 215152 b,668.0,45.438,5711.0,1.349,0
HD 215152 c,515.0,16.012,5711.0,1.349,0
HD 215152 d,300.0,2.121,5694.0,0.96,1
HD 215152 e,644.0,117.956,5957.0,1.08,0
HD 21520 b,574.0,25.66,4815.0,0.72,0
HD 215497 b,532.0,21.692,5629.0,0.9,0
HD 215497 c,1058.0,218.497,5985.0,1.11,0
HD 216435 b,512.0,19.127,5301.0,0.82,0
HD 216437 b,786.0,101.4,5913.0,1.04,0
HD 216520 b,503.0,28.851,5754.0,1.13,0
HD 216520 c,1309.0,329.49033599999996,5754.0,1.13,0
HD 216536 b,619.0,96.976,4651.0,0.7,0
HD 216770 b,625.0,50.427,3864.0,0.49,0
HD 21693 b,1418.0,341.809,5933.0,1.026,0
HD 21693 c,997.0,236.167,5933.0,1.026,0
HD 217107 b,1039.0,62.025,6010.0,1.13,0
HD 217107 c,935.0,40.644,6010.0,1.13,0
HD 21749 c,850.0,87.457,6675.0,1.73,0
HD 217786 b,522.0,20.976,5888.0,1.03,0
HD 217786 c,302.0,1.96,5818.0,0.848,1
HD 217958 b,953.0,139.818,4529.0,0.69,0
HD 218566 b,1177.0,760.524,6209.0,1.34,0
HD 219077 b,1304.0,647.256,5723.0,0.94,0
HD 219134 b,590.0,56.91,6127.0,1.2,0
HD 219134 c,724.0,69.213,5987.0,1.1,0
HD 219134 d,239.0,0.77,4644.0,0.69,0
HD 219134 f,908.0,174.074,4906.0,0.72,0
HD 219134 g,1021.0,277.216,5858.0,1.04,0
HD 219134 h,785.0,96.905,5858.0,1.04,0
HD 219139 b,649.0,45.357,5858.0,1.04,0
HD 219415 b,531.0,20.294,5858.0,1.04,0
HD 219666 b,484.0,17.416,5797.0,0.99,0
HD 219828 b,1332.0,788.501,6067.0,1.07,0
HD 219828 c,583.0,33.76,4597.0,0.7,0
HD 220074 b,931.0,54.93,5945.0,1.14,0
HD 220197 b,570.0,24.87,5153.0,0.79,0
HD 220689 b,1092.0,419.91,5635.0,0.93,0
HD 220773 b,1256.0,734.619,5635.0,0.93,0
HD 220842 b,1290.0,710.019,5762.0,0.98,0
HD 221287 b,1872.0,271.965008,5592.0,0.93,0
HD 221416 b,973.0,190.8,5594.0,0.934,0
HD 221420 b,702.0,55.933,5806.0,1.01,0
HD 221585 b,823.0,78.175,5722.0,0.98,0
HD 222076 b,1592.0,222.17999999999998,5854.0,1.447,0
HD 222155 b,1378.0,602.0,5854.0,1.447,0
HD 222237 b,1173.0,315.0,5854.0,1.447,0
HD 222582 b,955.0,138.7,5854.0,1.447,0
HD 224018 b,1101.0,380.134,6261.0,1.32,0
HD 224018 c,814.0,45.12,5215.0,0.81,0
HD 224018 d,1849.0,420.783256,6199.0,1.32,0
HD 224538 b,905.0,128.55,5792.0,1.0,0
HD 224693 b,1169.0,357.082,5792.0,1.0,0
HD 22496 b,1369.0,828.59,5509.0,1.116,0
HD 22532 b,568.0,27.569,4002.0,0.57,0
HD 22781 b,818.0,143.968,3959.0,0.54,0
HD 22946 d,770.0,83.18,4868.0,0.74,0
HD 23079 b,576.0,26.928,5816.0,1.02,0
HD 23079 c,1122.0,373.99,5612.0,0.92,0
HD 23127 b,887.0,195.353,5758.0,1.36,0
HD 231701 b,669.0,47.4,5854.0,0.9682000000000001,0
HD 233604 b,426.0,7.8,5854.0,0.4793436,0
HD 233832 b,548.0,55.45,5956.0,1.16,0
HD 23472 b,972.0,225.216,5345.0,0.84,0
HD 23472 c,1827.0,236.023056,5923.0,1.14,0
HD 23472 d,448.0,10.148,5049.0,0.77,0
HD 23472 e,1737.0,355.08914000000004,6113.0,1.28,0
HD 23472 f,313.0,2.055,6000.0,1.14,1
HD 235088 b,491.0,11.8,5816.0,1.0783,0
HD 23596 b,433.0,9.157,4350.0,0.66,0
HD 238090 b,211.0,0.519,4350.0,0.66,0
HD 238914 b,2161.0,349.43764,5589.0,0.94,0
HD 240210 b,667.0,44.887,5975.0,1.08,0
HD 240237 b,584.0,26.266,3753.0,0.49,0
HD 24040 b,1276.0,442.0,5950.0,1.387,0
HD 24040 c,859.0,91.0,5950.0,1.387,0
HD 24064 b,297.0,1.825,5321.0,0.82,1
HD 24085 b,496.0,13.8,5330.0,1.013,0
HD 25015 b,1664.0,344.14184800000004,5851.0,1.03,0
HD 25171 b,508.0,17.016,5862.0,1.0,0
HD 25463 b,776.0,98.8,6166.0,1.2,0
HD 25463 c,508.0,18.1,6166.0,1.2,0
HD 25723 b,480.0,10.336,6112.0,1.21,0
HD 25912 b,1108.0,356.54,5658.0,0.92,0
HD 25912 c,794.0,124.866,4306.0,0.63,0
HD 260655 b,267.0,1.3,5211.0,0.79,0
HD 260655 c,1319.0,322.837448,5794.0,0.99,0
HD 26161 b,1558.0,766.344,5837.0,1.0,0
HD 2638 b,849.0,146.36,5663.0,1.065,0
HD 2685 b,786.0,107.224,5663.0,1.065,0
HD 27442 b,653.0,51.115,5663.0,1.065,0
HD 27631 b,582.0,32.34,5663.0,1.065,0
HD 27894 b,513.0,19.53,5663.0,1.065,0
HD 27894 c,376.0,5.65,5663.0,1.065,0
HD 27894 d,1008.0,153.881,5960.0,1.149,0
HD 27969 b,743.0,45.336,5960.0,1.149,0
HD 28109 b,1000.0,238.508,6247.0,1.34,0
HD 28109 c,393.0,3.577,5614.0,0.91,0
HD 28109 d,546.0,22.981,5724.0,0.94,0
HD 28185 b,736.0,160.282,6092.0,1.15,0
HD 28185 c,1321.0,813.524,6417.0,1.41,0
HD 28192 b,729.0,47.18,4299.0,0.68,0
HD 28254 b,2199.0,258.612372,6104.0,1.17,0
HD 284149 AB b,1897.0,342.10600800000003,5268.0,0.82,0
HD 28471 b,1063.0,206.414,5406.0,0.84,0
HD 28471 c,787.0,11.382,5893.0,1.06,0
HD 28471 d,1356.0,677.503,5952.0,1.157,0
HD 285507 b,352.2,2.48,5914.0,1.145,1
HD 285968 b,609.0,43.136,4781.0,0.7,0
HD 28678 b,938.0,118.52,6077.0,1.15,0
HD 29021 b,918.0,254.963,6496.0,1.54,0
HD 290327 b,558.0,22.849,5931.0,1.17,0
HD 29399 b,631.0,39.321,5374.0,0.83,0
HD 2952 b,1381.0,516.101,6272.4,1.73,0
HD 29985 b,488.0,15.793,5641.0,0.93,0
HD 30177 b,938.0,194.976,5612.0,0.93,0
HD 30177 c,502.0,20.011,5688.0,0.97,0
HD 30562 b,938.0,182.69,6083.0,1.17,0
HD 30669 b,809.0,123.818,5544.0,0.841,0
HD 30856 b,538.0,24.255,5544.0,0.841,0
HD 31253 b,1027.0,206.874,4904.0,0.74,0
HD 31527 b,1008.0,205.272,6231.0,1.59,0
HD 31527 c,526.0,23.263,5544.0,0.89,0
HD 31527 d,1061.0,190.016,5500.0,0.9,0
HD 3167 b,621.0,50.777,3658.0,0.34,0
HD 3167 c,778.0,41.04,5683.0,0.94,0
HD 3167 d,374.0,4.55,5798.0,0.93,0
HD 3167 e,305.0,2.06,5678.0,0.921,1
HD 32518 b,994.0,160.765,5664.0,0.95,0
HD 32963 b,424.0,6.451,5543.0,0.91,0
HD 330075 b,737.0,32.265,5831.0,1.0,0
HD 331093 b,503.0,7.006,5831.0,1.0,0
HD 33142 b,775.0,105.333,4725.0,0.69,0
HD 33142 c,628.0,45.596,4725.0,0.69,0
HD 33142 d,904.0,162.65,5403.0,0.81,0
HD 332231 b,1072.0,316.9,5450.0,0.842,0
HD 33283 b,981.0,221.4,5450.0,0.842,0
HD 33564 b,1159.0,453.142,5851.0,1.04,0
HD 33844 b,384.0,4.547,5298.0,0.83,0
HD 33844 c,703.0,55.758,5569.0,0.9,0
HD 34445 b,611.0,29.864,5281.0,0.81,0
HD 34445 c,451.0,25.76,5656.0,0.94,0
HD 34445 d,922.0,150.055,4512.0,0.68,0
HD 34445 e,1020.0,197.846,6807.0,0.7892300000000001,0
HD 34445 f,1080.0,245.904,5582.0,0.92,0
HD 34445 g,1693.0,104.673,5550.0,0.91,0
HD 35759 b,586.0,92.535,4605.0,0.667,0
HD 35843 b,507.0,51.623,4660.0,0.54,0
HD 35843 c,446.0,31.016,4660.0,0.54,0
HD 360 b,500.0,13.051,4850.0,0.73,0
HD 36384 b,1471.0,173.43330400000002,5791.0,1.07,0
HD 3651 b,902.0,147.817,5685.0,0.96,0
HD 37124 b,976.0,173.056,5053.0,0.77,0
HD 37124 c,234.0,0.568,5053.0,0.77,0
HD 37124 d,811.0,62.061,5753.0,0.96,0
HD 37605 b,958.0,198.43,5064.0,0.75,0
HD 37605 c,1019.0,227.962,4692.0,0.7,0
HD 3765 b,872.0,206.563,5941.0,1.14,0
HD 38283 b,1397.0,815.407,5054.0,0.77,0
HD 38529 b,1128.0,653.831,5833.0,1.01,0
HD 38529 c,1489.0,229.59637600000002,5979.0,1.205,0
HD 38801 b,960.0,209.101,5979.0,1.205,0
HD 39091 b,1432.0,153.741,4754.0,0.72,0
HD 39194 b,485.0,4.86,5470.0,0.85,0
HD 39194 c,806.0,139.601,3964.0,0.53,0
HD 39194 d,1343.0,761.808,5470.0,0.88,0
HD 39855 b,1314.0,652.966,6327.0,1.43,0
HD 40307 b,1117.0,339.573,6327.0,1.43,0
HD 40307 c,609.0,32.52,5842.0,1.03,0
HD 40307 d,787.0,83.014,5778.0,1.0,0
HD 40307 f,732.0,95.443,4679.0,0.71,0
HD 40307 g,1079.0,449.699,6203.0,1.581,0
HD 40956 b,677.0,80.984,6217.0,1.28,0
HD 40979 b,1251.0,594.451,6142.0,1.454,0
HD 41004 A b,964.0,208.982,6142.0,1.454,0
HD 41004 B b,839.0,93.308,5519.0,0.89,0
HD 4113 b,485.0,26.229,4253.0,0.57,0
HD 42012 b,490.0,12.245,5390.0,0.84,0
HD 4203 b,401.0,6.14,5225.0,0.859,0
HD 4203 c,1211.0,511.757,6302.0,1.35,0
HD 4208 b,936.0,181.205,5183.0,0.79,0
HD 42618 b,946.0,464.773,6080.0,1.18,0
HD 4308 b,644.0,40.76,6249.0,1.076,0
HD 4313 b,486.0,14.188,5446.0,0.86,0
HD 43197 b,1419.0,401.858792,4971.0,0.75,0
HD 43197 c,379.0,4.107,5157.0,0.82,0
HD 43691 b,1125.0,348.046,6191.0,1.23,0
HD 44219 b,984.0,157.541,6150.0,1.606,0
HD 45184 b,704.0,41.863,6150.0,1.606,0
HD 45184 c,705.0,69.537,5069.0,0.76,0
HD 45350 b,2700.0,379.17204,7044.0,1.5766000000000002,0
HD 45364 b,675.0,26.356,5558.0,0.89,0
HD 45364 c,1650.0,401.858792,5252.0,0.82,0
HD 45652 b,1156.0,641.814,5936.0,1.04,0
HD 457 b,515.0,12.938,5453.0,0.86,0
HD 46375 b,595.0,26.087,5844.0,1.02,0
HD 47186 b,377.0,11.862,5712.0,0.97,0
HD 47186 c,378.0,23.237,4990.0,0.75,0
HD 4732 b,1137.0,288.57,5212.0,0.81,0
HD 4732 c,784.0,79.753,5274.0,1.094,0
HD 47366 b,564.0,21.409,5274.0,1.094,0
HD 47366 c,765.0,175.855,6077.0,1.14,0
HD 47536 b,1374.0,831.143,6176.0,1.3,0
HD 4760 b,1124.0,377.25,6688.0,1.347,0
HD 48265 b,796.0,197.882,5924.0,1.05,0
HD 48948 b,555.0,61.663,5765.0,0.99,0
HD 48948 c,529.0,18.039,5983.0,1.07,0
HD 48948 d,355.0,9.31,5622.0,0.87,1
HD 4917 b,724.0,85.385,5635.0,0.93,0
HD 49674 b,701.0,72.957,5975.0,1.09,0
HD 50499 b,775.0,165.573,5913.0,1.06,0
HD 50499 c,1158.0,449.936,6012.0,1.16,0
HD 50554 b,1213.0,745.285,5595.0,0.839,0
HD 51608 b,1016.0,367.322,5595.0,0.839,0
HD 51608 c,609.0,24.211,4730.0,0.72,0
HD 52265 b,952.0,167.184,5308.0,0.81,0
HD 5278 b,600.0,34.742,5438.0,0.83,0
HD 5278 c,1453.0,243.47897599999996,5908.0,1.21,0
HD 5319 b,676.0,49.35,5590.0,0.92,0
HD 5319 c,702.0,79.03,4965.0,0.71,0
HD 55696 b,436.0,8.302,5756.0,0.97,0
HD 5583 b,1011.0,267.142,4708.0,0.72,0
HD 5608 b,830.0,108.069,5517.0,0.9,0
HD 564 b,931.0,131.7,5889.0,1.17,0
HD 56414 b,1480.0,877.539,5947.0,1.483,0
HD 56957 b,575.0,42.692,4096.0,0.534,0
HD 5891 b,455.0,16.625,4096.0,0.534,0
HD 59686 A b,1174.0,544.534,4612.0,0.7,0
HD 60292 b,789.0,89.431,6177.0,1.24,0
HD 60532 b,547.0,23.876,5834.0,1.04,0
HD 60532 c,1188.0,723.806,4105.0,0.61,0
HD 6061 b,448.0,7.021,5825.0,1.03,0
HD 62364 b,1667.0,401.858792,5226.0,0.81,0
HD 62364 c,1314.0,588.021,4877.0,0.75,0
HD 62509 b,802.0,352.508,5909.0,1.06,0
HD 62549 b,665.0,37.664,5001.0,0.76,0
HD 63433 b,755.0,63.246,6210.0,1.38,0
HD 63433 c,997.0,220.489,5311.0,0.701,0
HD 63433 d,425.0,7.296,5311.0,0.701,0
HD 63454 b,856.0,152.047,5568.0,0.92,0
HD 63765 b,840.0,130.9,5705.0,0.94,0
HD 63935 b,795.0,142.096,6051.0,1.15,0
HD 63935 c,1156.0,595.424,6050.0,1.21,0
HD 64114 b,591.0,23.18,5130.0,0.8,0
HD 64121 b,1046.0,253.964,5616.0,0.93,0
HD 6434 b,1191.0,415.553,5743.0,0.98,0
HD 65216 b,1542.0,160.748232,5905.0,1.08,0
HD 65216 c,684.0,84.83,5986.0,1.1,0
HD 66141 b,1159.0,430.691,5944.0,0.89999928,0
HD 66428 b,1159.0,448.102,6050.0,1.216,0
HD 66428 c,897.0,160.499,6050.0,1.216,0
HD 67087 b,747.0,77.14,6050.0,1.216,0
HD 67087 c,618.0,36.299,6050.0,1.216,0
HD 68402 b,543.0,21.524,5917.0,0.949,0
HD 6860 b,899.0,177.842,5842.0,0.99,0
HD 68988 b,632.0,37.81,5194.0,0.82,0
HD 68988 c,1246.0,416.231,5239.0,0.8,0
HD 69123 b,557.0,20.51,4870.0,0.75,0
HD 69830 b,872.0,132.663,6155.0,1.22,0
HD 69830 c,1453.0,324.282,6140.0,1.19,0
HD 69830 d,809.0,140.376,5923.0,1.02,0
HD 70573 b,369.0,4.179,5747.0,0.95,1
HD 70642 b,1757.0,401.858792,5063.0,0.74,0
HD 7199 b,212.0,0.524,3784.0,0.51,0
HD 72490 b,817.0,138.807,6089.0,1.264,0
HD 72659 b,706.0,77.399,6089.0,1.264,0
HD 72659 c,946.0,153.933,5961.0,1.08,0
HD 72892 b,870.0,117.515,5778.0,1.0,0
HD 73256 c,523.0,14.6,5471.0,0.89,0
HD 73267 b,604.0,30.061,6198.0,1.25,0
HD 73267 c,625.0,40.12,4967.0,0.76,0
HD 73344 b,985.0,265.325,5541.0,0.9,0
HD 73344 c,480.0,13.571,5337.0,0.82,0
HD 73344 d,366.0,4.042,5472.0,0.9,1
HD 73526 b,1389.0,310.403512,6386.0,1.48,0
HD 73526 c,1183.0,462.91,6564.0,1.57,0
HD 73534 b,892.0,198.843,4984.0,0.636,0
HD 73583 b,560.0,30.716,4984.0,0.636,0
HD 73583 c,428.0,10.499,4984.0,0.636,0
HD 74156 b,1121.0,539.129,5682.0,0.96,0
HD 74156 c,612.0,31.456,5261.0,0.8,0
HD 7449 b,639.0,28.998,4895.0,0.74,0
HD 74698 b,690.0,36.162,5667.0,0.94,0
HD 74698 c,1839.0,328.57097999999996,6680.0,1.77,0
HD 75289 b,1043.0,194.344,5306.0,0.83,0
HD 75302 b,1190.0,328.984,5306.0,0.83,0
HD 75784 b,554.0,26.451,4611.0,0.69,0
HD 75784 c,676.0,41.472,5303.0,0.82,0
HD 75898 b,1035.0,271.25,6149.0,1.21,0
HD 75898 c,647.0,98.336,6202.0,1.28,0
HD 76700 b,590.0,33.184,3810.0,0.512,0
HD 76920 b,529.0,16.81,3810.0,0.512,0
HD 77338 b,1431.0,271.255008,5717.0,0.98,0
HD 77946 b,487.0,13.78,5545.0,0.89,0
HD 79181 b,665.0,57.579,5949.0,1.09,0
HD 7924 b,501.0,21.624,5850.0,1.1,0
HD 7924 c,660.0,33.978,4985.0,0.75,0
HD 7924 d,927.0,132.391,4985.0,0.75,0
HD 79498 b,794.0,71.31,4985.0,0.75,0
HD 80606 b,694.0,39.671,6018.0,1.12,0
HD 80653 b,933.0,211.549,6129.0,1.36,0
HD 80869 b,1252.0,546.908,5502.0,0.87,0
HD 80883 b,2335.0,259.520752,5839.0,0.99,0
HD 80913 b,1681.0,290.706176,5053.0,0.77,0
HD 81040 b,1009.0,298.088,6239.0,1.358,0
HD 81688 b,790.0,112.128,6239.0,1.358,0
HD 81817 b,475.0,14.714,6239.0,1.358,0
HD 81817 c,823.0,171.926,5961.0,1.08,0
HD 82886 b,396.0,4.744,5006.0,0.77,0
HD 82943 b,949.0,142.545,5771.0,0.98,0
HD 82943 c,907.0,144.813,5213.0,0.8,0
HD 8326 b,1677.0,173.43330400000002,5791.0,0.98,0
HD 83443 b,732.0,58.15,4630.0,0.69,0
HD 83443 c,489.0,10.313,5044.0,0.76,0
HD 8535 b,881.0,110.4,4996.0,0.831,0
HD 85390 b,774.0,86.469,6096.0,1.2,0
HD 85426 c,627.0,40.652,5904.0,1.09,0
HD 8574 b,657.0,69.004,5998.0,1.15,0
HD 86065 b,884.0,159.163,6106.0,1.359,0
HD 86081 b,698.0,61.688,6106.0,1.359,0
HD 86226 b,590.0,31.519,6106.0,1.359,0
HD 86226 c,1598.0,133.05856,5047.0,0.7587999999999999,0
HD 86264 b,1484.0,269.865108,6143.0,1.23,0
HD 86728 b,542.0,34.433,5926.0,1.09,0
HD 8673 b,573.0,14.877,5566.0,0.91,0
HD 86950 b,1384.0,181.63940000000002,6179.0,1.3112,0
HD 87646 b,1368.0,822.484,6296.0,1.36,0
HD 87816 b,886.0,139.77,6188.0,1.21,0
HD 87816 c,496.0,12.11,5578.0,0.92,0
HD 87883 b,1213.0,202.810336,6074.0,1.16,0
HD 88072 b,738.0,190.851,6221.0,1.33,0
HD 88133 b,968.0,227.398,6072.0,1.659,0
HD 88986 b,843.0,130.979,6072.0,1.659,0
HD 89307 b,757.0,35.293,6227.0,1.32,0
HD 89345 b,1123.0,375.55,5353.0,0.83,0
HD 89744 b,1418.0,672.532,5504.0,0.89,0
HD 89839 b,764.0,80.34,6175.0,1.25,0
HD 90156 b,1703.0,306.706176,5123.0,0.79,0
HD 9174 b,874.0,181.591,6170.0,1.28,0
HD 92788 b,888.0,151.77,5753.0,0.98,0
HD 92788 c,796.0,78.156,5715.0,0.94,0
HD 93083 b,2017.0,152.31574,6132.0,1.29,0
HD 93351 b,1113.0,223.442,6080.0,1.17,0
HD 93351 c,910.0,158.306,5770.0,1.653,0
HD 93385 b,525.0,17.554,5770.0,1.653,0
HD 93385 c,1098.0,443.221,5660.0,0.93,0
HD 93385 d,739.0,62.823,5216.0,0.8,0
HD 93963 A b,1195.0,521.101,5556.0,0.93,0
HD 93963 A c,1183.0,929.122,6241.0,1.28,0
HD 9446 b,401.0,12.362,5776.0,0.97,0
HD 9446 c,1029.0,279.941,5486.0,0.89,0
HD 94771 b,1285.0,399.015,5359.0,0.83,0
HD 94834 b,1790.0,103.65411200000001,5818.0,0.99,0
HD 94890 b,1373.0,33.0428,6339.0,1.332,0
HD 94890 c,588.0,45.146,5609.0,0.91,0
HD 95086 b,982.0,221.731,5884.0,1.127,0
HD 95089 b,683.0,46.011,5879.0,1.17,0
HD 95089 c,451.0,9.834,5884.0,1.127,0
HD 95127 b,954.0,149.409,6130.0,1.79,0
HD 95338 b,734.0,76.139,5188.0,0.81,0
HD 95544 b,778.0,58.344,5236.0,0.82,0
HD 95735 c,891.0,182.375,5771.0,1.0,0
HD 95872 b,715.0,61.87,5259.0,0.81,0
HD 96063 b,733.0,103.51,5701.0,0.96,0
HD 96127 b,678.0,52.146,5727.0,0.97,0
HD 96167 b,768.0,41.185,5884.0,1.08,0
HD 96700 b,662.0,58.108,4453.2,0.34,0
HD 96700 c,491.0,13.77,5235.0,0.8,0
HD 96700 d,718.0,66.122,5685.0,1.03,0
HD 96992 b,615.0,35.736,5685.0,1.03,0
HD 97037 b,1883.0,187.521944,5549.0,0.88,0
HD 97048 b,1019.0,296.92,5748.0,1.4,0
HD 97658 b,1671.0,314.477476,5748.0,1.4,0
HD 98219 b,391.0,6.0,5616.0,1.674,0
HD 98649 b,978.0,219.117,5719.0,0.92,0
HD 98736 b,1659.0,332.390944,5721.0,0.905,0
HD 99109 b,1012.0,227.198,5453.0,0.85,0
HD 99283 b,625.0,36.05,4188.0,0.59,0
HD 99492 b,1541.0,897.9,4861.0,0.75,0
HD 99492 c,777.0,57.6,4818.0,0.856,0
HD 99706 b,446.0,10.714,5884.0,1.12,0
HD 99706 c,1796.0,401.858792,5144.0,0.79,0
HIP 105854 b,202.0,0.492,4598.0,0.7,0
HIP 107772 b,557.0,38.452,3655.0,0.54,0
HIP 107773 b,1082.0,284.8,6003.0,1.178,0
HIP 109384 b,1069.0,271.0,6003.0,1.178,0
HIP 109600 b,758.0,68.6,6003.0,1.178,0
HIP 111909 b,414.0,6.1,6023.0,1.1,0
HIP 111909 c,1389.0,672.113,4817.0,0.74,0
HIP 113103 b,408.0,13.547,4094.0,0.53,0
HIP 113103 c,697.0,115.909,4094.0,0.53,0
HIP 114933 b,509.0,15.84,3640.0,0.503,0
HIP 116454 b,1666.0,349.43764,5488.0,0.87,0
HIP 12961 b,883.0,144.06,5704.0,0.804,0
HIP 14810 b,2291.0,179.01884,6169.0,1.4,0
HIP 14810 c,895.0,98.414,4776.0,0.73,0
HIP 14810 d,564.0,18.153,5550.0,0.91,0
HIP 18606 b,938.0,47.84,6725.0,1.74,0
HIP 19976 b,831.0,79.9,5885.0,1.03,0
HIP 21152 b,1214.0,545.672,5780.0,0.99,0
HIP 29442 c,577.0,26.645,4500.0,0.69,0
HIP 29442 d,1041.0,408.58,5736.0,1.425,0
HIP 34222 b,663.0,67.161,5736.0,1.425,0
HIP 35173 b,879.0,322.399,5608.0,0.94,0
HIP 35965 b,1244.0,547.294,4508.0,0.69,0
HIP 38594 b,728.0,77.559,5581.0,0.9,0
HIP 38594 c,428.0,3.298,5628.0,0.92,0
HIP 39017 b,710.0,78.355,5614.0,0.91,0
HIP 41378 b,809.0,80.741,4903.0,0.74,0
HIP 41378 c,793.0,103.72,5512.0,1.3,0
HIP 41378 d,1260.0,662.713,5512.0,1.3,0
HIP 41378 e,437.0,9.183,4523.0,0.67,0
HIP 41378 f,2124.0,283.51281600000004,5909.0,1.05,0
HIP 41378 g,1642.0,349.43764,5586.0,0.93,0
HIP 4845 b,1105.0,301.367,5983.0,1.176,0
HIP 48714 b,892.0,128.086,5983.0,1.176,0
HIP 5158 b,2174.0,420.783256,6331.0,1.42,0
HIP 5158 c,241.0,1.141,4662.0,0.72,0
HIP 54373 b,1283.0,559.275,5527.0,0.9,0
HIP 54373 c,1294.0,282.579008,5759.0,0.93,0
HIP 54515 b,1219.0,425.169,5981.0,1.13,0
HIP 54597 b,693.0,68.469,6449.0,1.55,0
HIP 55507 b,1236.0,545.575,6133.0,1.21,0
HIP 56640 b,617.0,34.32,5193.0,0.79,0
HIP 57274 b,636.0,49.665,5911.0,1.04,0
HIP 57274 c,1668.0,291.574676,6086.0,1.28,0
HIP 57274 d,1209.0,496.678,6090.0,1.275,0
HIP 5763 b,975.0,209.967,6090.0,1.275,0
HIP 63242 b,535.0,27.176,3827.0,0.53,0
HIP 65 A b,730.0,94.054,3827.0,0.53,0
HIP 65407 b,1212.0,421.965,4439.0,0.67,0
HIP 65407 c,1701.0,238.161052,6118.0,1.16,0
HIP 65426 b,491.0,10.767,4776.0,0.72,0
HIP 65891 b,466.0,18.86,6168.0,1.24,0
HIP 66074 b,1448.0,944.873,5352.0,0.83,0
HIP 67522 b,1714.0,154.20243599999998,5106.0,0.78,0
HIP 67522 c,1177.0,449.975,5597.0,0.9,0
HIP 67537 b,827.0,98.834,5181.0,0.79,0
HIP 67851 b,369.0,2.451,4709.0,0.72,1
HIP 67851 c,951.0,257.984,6165.0,1.355,0
HIP 70849 b,847.0,162.044,6165.0,1.355,0
HIP 71135 b,933.0,82.564,6778.0,0.6742299999999999,0
HIP 74890 b,1061.0,186.069,5131.0,0.79,0
HIP 75092 b,248.0,1.011,4857.0,0.74,0
HIP 77900 b,988.0,191.919,4839.0,0.72,0
HIP 78530 b,1299.0,672.06,6805.0,1.79,0
HIP 79098 AB b,969.0,456.25,5770.0,1.05,0
HIP 79431 b,1137.0,864.037,5770.0,1.05,0
HIP 81208 C b,783.0,134.981,4070.0,0.6,0
HIP 8152 b,998.0,225.233,4106.0,0.6,0
HIP 8152 c,2085.0,275.807056,5906.0,1.08,0
HIP 8541 b,667.0,37.158,5761.0,0.99,0
HIP 86221 b,742.0,86.33,5187.0,0.802,0
HIP 90988 b,568.0,29.775,5187.0,0.802,0
HIP 91258 b,770.0,132.587,6202.0,1.29,0
HIP 94235 b,1075.0,503.722,6202.0,1.29,0
HIP 948 b,1015.0,414.765,5361.0,0.83,0
HIP 9618 b,1216.0,853.269,5361.0,0.83,0
HIP 9618 c,1655.0,99.50467599999999,5677.0,0.97,0
HIP 97166 b,1887.0,420.78325600000005,6299.0,1.33,0
HIP 97166 c,737.0,59.789,5323.0,0.81,0
HIP 97233 b,1543.0,328.57097999999996,6704.0,1.78,0
HIP 99770 b,1042.0,278.902,5659.0,0.97,0
HN Lib b,1873.0,401.858792,5218.0,0.82,0
HN Peg b,525.0,14.867,4407.0,0.67,0
HR 2562 b,1564.0,203.045712,5188.0,0.79,0
HR 5183 b,452.0,9.9,3841.0,0.535,0
HR 810 b,410.0,6.8,3841.0,0.535,0
HR 858 b,345.0,3.4,3841.0,0.535,1
HR 858 c,292.0,1.73,3841.0,0.535,1
HR 858 d,786.0,90.1,5570.0,0.94,0
HR 8799 b,649.0,29.701,5747.0,0.94,0
HR 8799 c,959.0,198.471,6161.0,1.72,0
HR 8799 d,928.0,231.396,6370.0,1.44,0
HR 8799 e,608.0,32.23,4919.0,0.74,0
HS Psc b,1423.0,222.727544,5732.0,1.29,0
HU Aqr AB b,1011.0,196.533,5733.0,1.03,0
HU Aqr AB c,1123.0,300.312,5046.0,0.77,0
IC 4651 9122 b,434.0,17.674,4098.0,0.61,0
IRAS 04125+2902 b,566.0,51.044,4098.0,0.61,0
ITG 15 b,363.0,8.66,4098.0,0.61,1
K2-10 b,299.0,3.97,4098.0,0.61,1
K2-100 b,300.0,1.871,5078.0,0.74,1
K2-101 b,752.0,64.78,5594.0,1.3,0
K2-102 b,350.0,3.023,5594.0,1.3,1
K2-104 b,972.0,172.3,5622.0,1.045,0
K2-105 b,934.0,171.133,5753.0,0.98,0
K2-107 b,513.0,33.335,5840.0,1.1,0
K2-108 b,714.0,61.42,5479.0,0.85,0
K2-11 b,1249.0,574.37,5697.0,0.92,0
K2-110 b,1947.0,235.4844,6481.0,1.4366,0
K2-111 b,1311.0,730.531,6138.0,1.23,0
K2-111 c,786.0,71.816,6195.0,1.27,0
K2-113 b,551.0,58.103,6026.0,1.12,0
K2-114 b,1510.0,311.248972,6126.0,1.18,0
K2-115 b,1324.0,738.183,6126.0,1.18,0
K2-116 b,1610.0,156.902512,5735.0,0.96,0
K2-117 b,1605.0,264.79846,6395.0,1.3354,0
K2-117 c,1301.0,848.695,6077.0,1.288,0
K2-118 b,428.0,9.957,6077.0,1.288,0
K2-119 b,725.0,44.517,5044.0,0.78,0
K2-12 b,808.0,100.91,5964.0,1.1,0
K2-121 b,1789.0,199.16227999999998,5416.0,0.87,0
K2-122 b,1238.0,699.644,6060.0,1.15,0
K2-123 b,596.0,39.001,5261.0,0.8,0
K2-124 b,565.0,33.802,5925.0,1.07,0
K2-125 b,854.0,125.89,5892.0,1.12,0
K2-126 b,826.0,78.667,6010.0,1.15,0
K2-127 b,1616.0,197.19482399999998,6170.0,1.35,0
K2-128 b,1733.0,81.9368,5160.0,0.79,0
K2-129 b,968.0,228.663,4910.0,0.787,0
K2-13 b,738.0,77.412,4910.0,0.787,0
K2-130 b,290.0,1.06,4092.0,0.6,1
K2-131 b,441.0,8.927,5664.0,0.92,0
K2-132 b,1397.0,342.59810400000003,5880.0,1.27,0
K2-133 b,661.0,42.825,5196.0,0.8,0
K2-133 c,1033.0,209.464,4951.0,0.75,0
K2-133 d,1846.0,349.43764,5267.0,0.84,0
K2-133 e,1870.0,238.161052,6019.0,1.15,0
K2-136 b,695.0,114.332,5839.0,1.02,0
K2-136 c,419.0,7.29,4770.0,0.72,0
K2-136 d,510.0,21.243,5796.0,1.01,0
K2-137 b,1597.0,234.84914400000002,5790.0,1.269,0
K2-138 b,1201.0,399.444,5790.0,1.269,0
K2-138 c,582.0,22.072,5790.0,1.269,0
K2-138 d,806.0,131.526,5187.0,0.79,0
K2-138 e,1209.0,649.151,6335.0,1.42,0
K2-138 f,833.0,156.9,6194.0,1.23,0
K2-138 g,741.0,71.16,4939.0,0.75,0
K2-139 b,629.0,58.6,5838.0,1.07,0
K2-14 b,676.0,216.405,5718.0,0.95,0
K2-140 b,797.0,95.22,5831.0,1.02,0
K2-141 b,1844.0,270.113448,5793.0,1.01,0
K2-141 c,1049.0,817.579,6184.0,1.36,0
K2-146 b,1199.0,551.156,5902.0,1.07,0
K2-146 c,838.0,118.334,5848.0,1.359,0
K2-147 b,703.0,58.7,5848.0,1.359,0
K2-148 b,969.0,208.54,4796.0,0.72,0
K2-148 c,1064.0,469.819,5806.0,1.03,0
K2-148 d,709.0,119.237,6031.0,1.13,0
K2-149 b,1226.0,535.42,6097.0,1.19,0
K2-15 b,1320.0,925.289,6291.0,1.4611999999999998,0
K2-150 b,1331.0,893.886,6356.0,1.32,0
K2-151 b,1001.0,772.079,5972.0,1.09,0
K2-152 b,770.0,83.14,5557.0,0.9,0
K2-153 b,1490.0,561.12,5530.0,0.96,0
K2-154 b,420.0,9.081,4365.697999999999,0.43,0
K2-154 c,1253.0,426.719,6075.0,1.235,0
K2-155 b,1046.0,207.247,6075.0,1.235,0
K2-155 c,597.0,44.728,5698.0,0.96,0
K2-155 d,682.0,33.046,5802.0,1.0,0
K2-156 b,522.0,25.972,6394.0,1.44,0
K2-157 b,1602.0,269.865108,6289.0,1.27,0
K2-157 c,581.0,25.942,5810.0,1.05,0
K2-157 d,987.0,248.548,6150.0,1.26,0
K2-158 b,1539.0,401.858792,4865.0,0.75,0
K2-158 c,522.0,10.349,5722.0,0.95,0
K2-159 b,811.0,86.645,5774.0,0.93,0
K2-16 b,867.0,271.885,5979.0,1.1,0
K2-16 c,873.0,154.705,6022.0,1.170934,0
K2-160 b,709.0,67.193,6022.0,0.6662,0
K2-161 b,308.0,3.078,4524.0,0.68,1
K2-162 b,523.0,18.751,5782.0,0.99,0
K2-163 b,810.0,73.501,6101.0,1.294,0
K2-164 b,503.0,11.889,5665.0,0.94,0
K2-165 b,492.0,9.08,5448.0,0.86,0
K2-165 c,298.0,1.533,4075.0,0.6,1
K2-165 d,433.0,8.234,4231.0,0.62,0
K2-166 b,478.0,23.468,5866.0,1.01,0
K2-167 b,493.0,8.293,5653.0,0.94,0
K2-168 b,349.0,3.511,4828.0,0.74,1
K2-169 b,639.0,32.89,5948.0,1.208,0
K2-17 b,473.0,9.887,5948.0,1.208,0
K2-170 b,391.0,5.469,4422.0,0.67,0
K2-170 c,451.0,8.88,4919.0,0.74,0
K2-171 b,390.0,4.704,5756.0,1.0,0
K2-172 b,619.0,57.634,5679.0,0.95,0
K2-172 c,564.0,89.473,5828.0,1.01,0
K2-173 b,1023.0,120.19963200000002,5828.0,1.01,0
K2-174 b,668.0,6.246,4726.0,0.71,0
K2-175 b,585.0,21.875,5884.0,1.02,0
K2-176 b,411.0,7.917,5332.0,0.82,0
K2-177 b,1093.0,481.352,5893.0,1.05,0
K2-178 b,1448.0,273.375616,5893.0,1.05,0
K2-179 b,819.0,52.77,5794.0,1.496,0
K2-18 b,551.0,24.901,5507.0,0.89,0
K2-18 c,953.0,224.61,6012.0,1.468,0
K2-180 b,689.0,61.287,6012.0,1.468,0
K2-181 b,574.0,23.918,4961.0,0.76,0
K2-182 b,1238.0,314.233,5660.0,0.93,0
K2-183 b,841.0,118.5,5533.0,1.166,0
K2-183 c,613.0,57.079,6159.0,1.25,0
K2-183 d,783.0,111.011,6046.0,1.09,0
K2-184 b,561.0,21.392,5870.0,1.04,0
K2-185 b,441.0,13.76,6214.0,1.28,0
K2-185 c,860.0,75.641,5663.0,0.96,0
K2-186 b,674.0,78.163,5100.0,0.78,0
K2-187 b,598.0,85.282,5904.0,1.06,0
K2-187 c,746.0,98.574,5796.0,0.98,0
K2-187 d,1284.0,609.017,5272.0,0.851,0
K2-187 e,957.0,187.197,5272.0,0.851,0
K2-188 b,413.0,6.532,5172.0,0.81,0
K2-188 c,721.0,16.317,5156.0,0.81,0
K2-189 b,797.0,71.94,4908.0,0.75,0
K2-189 c,678.0,86.499,5381.0,0.84,0
K2-19 b,1131.0,265.018,6337.0,1.4,0
K2-19 c,624.0,35.92,5730.0,0.92,0
K2-19 d,728.0,85.176,6087.0,1.12,0
K2-190 b,538.0,22.372,5965.0,1.12,0
K2-190 c,1682.0,323.294,6541.0,1.63,0
K2-191 b,991.0,227.68,5745.0,1.2580000000000002,0
K2-192 b,650.0,73.335,5820.0,1.31,0
K2-193 b,1212.0,760.6,5710.0,1.524,0
K2-194 b,400.0,11.893,5655.0,0.9,0
K2-195 b,540.0,23.64,5381.0,0.953,0
K2-195 c,436.0,10.084,5381.0,0.953,0
K2-196 b,306.0,2.446,5381.0,0.953,1
K2-197 b,348.0,3.788,5515.0,0.87,1
K2-198 b,821.0,138.108,5728.0,0.99,0
K2-198 c,530.0,18.66,5626.0,1.389,0
K2-198 d,801.0,11.523,4712.0,0.72,0
K2-199 b,874.0,137.91,5863.0,1.29,0
K2-199 c,415.0,9.113,5659.0,0.94,0
K2-200 b,443.0,9.1,5831.0,1.04,0
K2-201 b,535.0,18.383,6182.0,1.27,0
K2-201 c,924.0,172.38,5675.0,0.95,0
K2-2016-BLG-0005L b,564.0,9.86,5256.0,0.81,0
K2-202 b,409.0,7.371,5097.0,0.78,0
K2-203 b,1251.0,430.677,5515.0,0.992,0
K2-204 b,1131.0,367.262,5560.0,0.939,0
K2-205 b,876.0,132.091,5560.0,0.939,0
K2-206 b,734.0,65.142,5560.0,0.939,0
K2-207 b,544.0,19.671,5560.0,0.939,0
K2-208 b,928.0,131.818,5845.0,1.0,0
K2-209 b,787.0,100.001,6229.0,1.3,0
K2-21 b,608.0,77.324,6666.0,1.72,0
K2-21 c,321.0,5.636,5069.0,0.74,1
K2-210 b,485.0,25.17,5393.0,0.81,0
K2-211 b,525.0,36.121,5686.0,0.86,0
K2-212 b,783.0,235.807,5676.0,0.93,0
K2-213 b,630.0,30.476,5410.0,0.85,0
K2-214 b,967.0,116.145,6158.0,1.22,0
K2-215 b,667.0,83.081,5780.0,0.99,0
K2-216 b,639.0,40.728,5460.0,0.83,0
K2-217 b,544.0,21.407,5460.0,0.83,0
K2-218 b,537.0,14.036,6200.0,1.28,0
K2-219 b,903.0,228.219,6064.0,1.29,0
K2-219 c,322.0,1.6,4372.0,0.67,1
K2-219 d,346.0,2.23,5491.0,0.95,1
K2-22 b,387.9,3.23,6145.0,1.289,0
K2-220 b,1066.0,193.0,6145.0,1.289,0
K2-221 b,380.0,6.017,6511.0,1.41,0
K2-222 b,967.0,615.253,5904.0,1.07,0
K2-223 b,2336.0,487.9739799999999,7010.0,1.611,0
K2-223 c,1351.0,400.08332,6846.0,1.6884000000000001,0
K2-224 b,1094.0,338.33,6432.0,1.345,0
K2-224 c,342.0,3.944,5644.0,0.91,1
K2-225 b,551.0,21.084,5088.0,0.724,0
K2-226 b,326.0,2.57,5088.0,0.724,1
K2-227 b,1437.0,338.110112,4677.0,0.71,0
K2-228 b,391.0,5.122,5042.0,0.76,0
K2-229 b,1374.0,110.17828,5706.0,0.93,0
K2-229 c,1676.0,173.054224,5708.0,0.96,0
K2-230 b,438.0,8.443,6179.0,1.25,0
K2-231 b,1343.0,715.106,5748.0,1.04,0
K2-232 b,787.0,99.097,4601.0,0.69,0
K2-233 b,450.0,7.813,6224.0,1.32,0
K2-233 c,1549.0,186.59661599999998,5857.0,1.03,0
K2-233 d,817.0,115.765,5048.0,0.77,0
K2-237 b,621.0,21.609,5404.0,0.892,0
K2-238 b,458.0,6.422,5404.0,0.892,0
K2-239 b,1484.0,353.561,5477.0,0.88,0
K2-239 c,1167.0,135.179,5477.0,0.88,0
K2-239 d,972.0,69.2,5678.0,1.303,0
K2-24 b,2537.0,194.38870400000002,6260.0,1.27,0
K2-24 c,1681.0,331.973408,5559.0,0.88,0
K2-240 b,330.0,4.786,6431.0,1.51,1
K2-240 c,955.0,196.51,5442.0,0.86,0
K2-241 b,384.0,5.384,6021.0,1.11,0
K2-242 b,166.0,0.193,4434.0,0.67,0
K2-243 b,1800.0,713.168,5079.0,0.77,0
K2-243 c,346.0,1.989,5837.0,1.03,1
K2-244 b,301.0,1.572,5176.0,0.8,1
K2-245 b,561.0,28.11,5690.0,1.001,0
K2-246 b,454.0,12.071,5690.0,1.001,0
K2-247 b,657.0,53.002,5769.0,0.98,0
K2-247 c,1140.0,480.405,5769.0,0.98,0
K2-248 b,838.0,139.884,5769.0,0.98,0
K2-249 b,266.0,0.849,4540.0,0.69,0
K2-25 b,1048.0,75.56,5282.0,0.81,0
K2-250 b,1160.0,518.437,5564.0,0.99,0
K2-251 b,1287.0,786.082,5564.0,0.99,0
K2-252 b,1010.0,297.806,5564.0,0.99,0
K2-253 b,1065.0,369.999,5564.0,0.99,0
K2-254 b,1774.0,375.651,6561.0,1.65,0
K2-254 c,269.0,0.833,4886.0,0.74,0
K2-255 b,274.0,1.408,5201.0,0.8,1
K2-257 b,671.0,36.302,5623.0,0.93,0
K2-258 b,3186.0,171.19637200000003,6078.0,1.18,0
K2-259 b,350.0,1.933,5706.0,0.97,1
K2-26 b,286.0,1.184,5324.0,0.84,1
K2-260 b,614.0,23.5,4508.0,0.62,0
K2-261 b,286.0,1.28,4508.0,0.62,1
K2-263 b,348.0,2.305,5991.0,1.11,1
K2-264 b,722.0,60.421,6136.0,1.22,0
K2-264 c,268.0,1.854,5202.0,0.78,0
K2-265 b,926.0,166.106,5288.0,0.81,0
K2-266 b,288.0,1.014,5297.0,0.81,1
K2-266 c,959.0,483.262,5866.0,1.06,0
K2-266 d,797.0,92.138,5608.0,0.95,0
K2-266 e,1287.0,645.543,6099.0,1.17,0
K2-268 b,1019.0,189.886,5101.0,0.79,0
K2-268 c,1609.0,227.410992,5316.0,0.82,0
K2-268 d,867.0,135.077,5094.0,0.807,0
K2-268 e,588.0,28.642,5094.0,0.807,0
K2-268 f,1269.0,593.919,5815.0,1.02,0
K2-269 b,1682.0,83.012632,5957.0,1.11,0
K2-27 b,554.0,31.768,5760.0,1.05,0
K2-270 b,1134.0,390.57,5765.0,0.99,0
K2-270 c,635.0,41.514,5528.0,0.9,0
K2-271 b,1234.0,510.566,4940.0,0.73,0
K2-272 b,1871.0,401.858792,5254.0,0.81,0
K2-273 b,330.0,2.723,5655.0,0.93,1
K2-274 b,729.0,72.568,5956.0,1.19,0
K2-275 b,1222.0,495.652,6319.0,1.4,0
K2-275 c,1546.0,125.465832,5774.0,1.044,0
K2-276 b,779.0,101.754,5774.0,1.044,0
K2-277 b,969.0,244.058,5866.0,1.03,0
K2-278 b,836.0,76.457,5550.0,0.89,0
K2-279 b,1476.0,757.132,6297.0,1.39,0
K2-28 b,1293.0,583.523,5618.0,0.95,0
K2-280 b,1379.0,148.011632,5808.0,1.0,0
K2-281 b,1003.0,289.778,5892.0,1.08,0
K2-282 b,1312.0,803.679,5667.0,0.92,0
K2-283 b,1059.0,156.608,5876.0,1.06,0
K2-284 b,1125.0,57.751,4862.0,0.74,0
K2-285 b,1700.0,200.7158,5545.0,0.86,0
K2-285 c,1139.0,396.64,4584.0,0.7,0
K2-285 d,500.0,13.634,4623.0,0.624,0
K2-285 e,418.0,6.677,4623.0,0.624,0
K2-286 b,733.0,83.088,6228.0,0.9117999999999998,0
K2-287 b,1108.0,470.862,6022.0,1.23,0
K2-288 B b,354.0,2.5,4376.4,0.3,1
K2-289 b,788.0,124.307,5645.0,0.91,0
K2-29 b,886.0,162.544,6069.0,1.13,0
K2-290 b,1064.0,182.941,5538.0,0.91,0
K2-290 c,1013.0,105.771,6681.0,1.75,0
K2-291 b,981.0,254.701,5933.0,1.22,0
K2-292 b,925.0,359.79,5817.0,0.99,0
K2-293 b,2102.0,156.779176,6166.0,1.25,0
K2-294 b,447.0,33.463,4625.0,0.663,0
K2-295 b,275.0,4.791,4625.0,0.663,1
K2-3 b,1020.0,171.478,6053.0,1.16,0
K2-3 c,892.0,439.434,6082.0,1.16,0
K2-3 d,1202.0,269.865108,6213.0,1.28,0
K2-30 b,260.0,0.889,4995.0,0.77,0
K2-308 b,1360.0,672.414,5946.0,1.08,0
K2-31 b,980.0,185.568,5203.0,0.8,0
K2-312 c,471.0,33.378,5706.0,0.92,0
K2-315 b,1497.0,420.78325600000005,6377.0,1.39,0
K2-316 b,1236.0,308.46,5940.0,1.09,0
K2-316 c,407.0,8.196,5767.0,0.99,0
K2-317 b,1134.0,396.619,5471.0,1.118,0
K2-318 b,771.0,84.848,5471.0,1.118,0
K2-319 b,209.0,0.4,5214.0,0.82,0
K2-32 b,786.0,84.7,5119.0,0.834,0
K2-32 c,1507.0,236.75433600000002,5869.0,1.07,0
K2-32 d,1159.0,124.507,6296.0,1.36,0
K2-32 e,1522.0,464.76431999999994,6241.0,1.31,0
K2-320 b,2023.0,338.58904800000005,4976.0,0.76,0
K2-321 b,528.0,16.734,5280.0,0.82,0
K2-322 b,324.0,1.29,5422.0,0.86,1
K2-323 b,913.0,449.632,6116.0,1.21,0
K2-324 b,612.0,33.22,4992.0,0.72,0
K2-325 b,429.0,12.975,6132.0,1.27,0
K2-326 b,868.0,123.4,5078.0,0.806,0
K2-329 b,769.0,76.201,5078.0,0.806,0
K2-33 b,750.0,56.212,5383.0,0.87,0
K2-330 b,433.0,8.34,5295.0,0.8,0
K2-331 b,1243.0,146.22,5605.0,0.93,0
K2-331 c,1030.0,269.248,5643.0,0.94,0
K2-332 b,1926.0,380.947856,6005.0,1.12,0
K2-333 b,981.0,276.373,5121.0,0.76,0
K2-334 b,658.0,31.171,5865.0,1.05,0
K2-335 b,1337.0,724.861,6266.0,1.34,0
K2-336 b,736.0,64.689,6167.0,1.22,0
K2-337 b,1267.0,903.908,6620.0,1.65,0
K2-338 b,797.0,74.635,5852.0,1.0,0
K2-339 b,961.0,305.946,5816.0,0.958,0
K2-34 b,681.0,77.052,5816.0,0.958,0
K2-340 b,428.0,7.92,6157.0,1.23,0
K2-341 b,469.0,14.055,6158.0,1.24,0
K2-342 b,922.0,236.005,6436.0,1.5,0
K2-343 b,1000.0,243.08,5772.0,1.0,0
K2-343 c,540.0,6.01,3636.0,0.47,0
K2-344 b,350.0,3.3,5677.0,0.94,1
K2-345 b,1352.0,249.16172,6826.0,1.6884000000000001,0
K2-346 b,794.0,143.12,5445.0,0.84,0
K2-347 b,240.0,0.79,3724.0,0.52,0
K2-348 b,1081.0,315.457,5776.0,1.01,0
K2-348 c,906.0,115.612,5776.0,0.917,0
K2-349 b,648.0,30.238,5776.0,0.917,0
K2-35 b,182.0,0.26,4736.0,0.63,0
K2-35 c,1122.0,446.918,5679.0,0.95,0
K2-350 b,369.0,6.062,6137.0,1.19,1
K2-350 c,925.0,26.258,6256.0,1.32,0
K2-351 b,282.0,0.544,5474.0,0.89,1
K2-352 b,200.0,0.4,5347.0,0.85,0
K2-352 c,248.0,1.217,5797.0,1.02,0
K2-352 d,1093.0,337.78,5789.0,1.02,0
K2-353 b,304.0,2.76,5710.0,0.95,1
K2-354 b,1003.0,187.848,6150.0,1.18,0
K2-355 b,1141.0,370.922,5888.0,1.148,0
K2-356 b,881.0,131.487,5888.0,1.148,0
K2-357 b,637.0,35.89,5888.0,1.148,0
K2-358 b,429.0,7.99,5888.0,1.097,0
K2-36 b,1228.0,537.4,6324.0,1.43,0
K2-36 c,908.0,82.828,6152.0,1.19,0
K2-360 c,767.0,42.145,6152.0,1.19,0
K2-365 b,895.0,39.915,5355.0,0.84,0
K2-366 b,1095.0,89.632,5355.0,0.84,0
K2-367 b,799.0,137.753,4916.0,0.855,0
K2-368 b,606.0,31.86,5499.0,0.86,0
K2-368 c,754.0,138.538,5812.0,1.02,0
K2-368 d,365.0,4.2,4189.0,0.26,1
K2-369 b,307.0,2.208,3983.0,0.2317,1
K2-37 b,234.0,0.75,3839.0,0.2317,0
K2-37 c,716.0,59.799,5211.0,0.77,0
K2-37 d,581.0,25.931,5211.0,0.77,0
K2-370 b,602.0,54.562,4819.6,0.334,0
K2-371 b,393.0,5.65,3713.0,0.503,0
K2-372 b,268.0,0.81,3638.0,0.382,0
K2-373 b,284.0,0.98,4807.0,0.693,1
K2-374 b,206.0,0.3,5597.0,1.179,0
K2-374 c,938.0,129.1,6148.0,1.03,0
K2-375 b,651.0,24.6,5569.0,1.1,0
K2-376 b,772.0,77.543,5413.0,0.742,0
K2-377 b,468.0,10.507,5413.0,0.742,0
K2-378 b,1313.0,651.409,5350.0,0.83,0
K2-379 b,243.0,0.88,5100.0,0.762,0
K2-38 b,362.0,4.07,3844.0,0.62859,1
K2-38 c,776.0,85.46,5735.81,1.072,0
K2-380 b,906.0,40.4,5049.84,0.777785,0
K2-381 b,672.0,48.23,6293.0,1.14586,0
K2-381 c,578.0,26.34,6293.0,1.14586,0
K2-381 d,655.0,9.3,5941.54,1.08751,0
K2-382 b,721.0,63.79,5542.0,1.01738,0
K2-383 b,530.0,18.66,4303.0,0.714145,0
K2-384 b,958.0,199.28,4224.0,0.603,0
K2-384 c,669.0,47.3,4224.0,0.603,0
K2-384 d,918.0,122.502,4884.0,0.749,0
K2-384 e,771.0,61.175,4884.0,0.749,0
K2-384 f,538.0,14.489,4884.0,0.749,0
K2-385 b,134.4,0.1,4884.0,0.749,0
K2-386 b,731.0,67.67,5838.0,1.51889,0
K2-387 b,962.0,205.0,5135.55,0.929771,0
K2-388 b,423.0,4.4,6131.95,1.08841,0
K2-389 b,611.0,30.5,6014.95,1.13166,0
K2-389 c,417.0,7.13,5473.91,0.877273,0
K2-39 b,465.0,11.8,5853.19,1.12865,0
K2-390 b,782.0,33.45,5878.3,1.06066,0
K2-391 b,712.0,59.4,6013.72,1.24959,0
K2-392 b,329.0,2.78,5754.0,0.834976,1
K2-393 b,813.0,103.3,5501.0,0.873196,0
K2-394 b,1240.0,725.064,6282.0,1.107,0
K2-395 b,862.0,169.002,6282.0,1.107,0
K2-395 c,771.0,49.0,5021.0,0.723259,0
K2-396 b,442.0,5.33,5756.4,0.759,0
K2-396 c,694.0,54.74,5619.12,0.842301,0
K2-397 b,669.0,47.32,5429.0,0.900327,0
K2-398 b,347.0,3.42,4706.54,0.666755,1
K2-398 c,625.0,36.01,5484.0,0.835451,0
K2-4 b,913.0,167.2,5714.96,1.19951,0
K2-400 b,598.0,30.22,4132.0,0.726119,0
K2-401 b,772.0,84.01,4632.11,0.746,0
K2-402 b,879.0,149.3,5731.43,0.996208,0
K2-403 b,962.0,195.221,4997.0,0.763,0
K2-404 b,776.0,82.853,4997.0,0.763,0
K2-405 b,702.0,55.53,4997.0,0.763,0
K2-406 b,595.0,28.548,4997.0,0.763,0
K2-407 b,321.0,2.439,4997.0,0.763,1
K2-407 c,267.0,1.2,5404.0,0.862346,0
K2-408 b,1283.0,641.53,6000.0,1.13152,0
K2-409 b,897.0,153.48,5146.0,0.866139,0
K2-411 b,807.0,100.37,5432.34,0.878295,0
K2-412 b,1059.0,296.73,5553.0,1.098,0
K2-413 b,956.0,197.66,4954.0,0.756284,0
K2-413 c,957.0,198.57,5473.19,0.987155,0
K2-414 b,454.0,10.04,5712.0,1.19811,0
K2-414 c,630.0,37.3,4681.53,0.772344,0
K2-415 b,1351.0,697.6,4975.03,0.741698,0
K2-416 b,1010.0,245.65,5575.53,0.725,0
K2-417 b,1570.0,356.26151200000004,5781.0,1.01034,0
K2-419 A b,899.0,136.522,5679.0,1.035,0
K2-42 b,702.0,50.682,5679.0,1.035,0
K2-43 b,329.0,2.2,6031.0,1.0937,1
K2-43 c,273.0,1.3,5146.0,0.840217,1
K2-44 b,555.0,22.4,5093.0,0.725742,0
K2-45 b,253.8,0.342,5746.0,1.697,0
K2-46 b,789.0,91.74,6312.0,1.259,0
K2-47 b,472.0,11.7,5918.0,1.043,0
K2-48 b,1053.0,304.178,5642.0,0.839,0
K2-49 b,752.0,78.905,5642.0,0.839,0
K2-5 b,497.0,15.103,5642.0,0.839,0
K2-5 c,694.0,48.9,5650.0,0.899,0
K2-50 b,669.0,47.39,5706.0,1.034,0
K2-52 b,391.0,5.52,3732.0,0.509,0
K2-53 b,900.0,144.3,6477.0,1.459,0
K2-54 b,1211.0,504.3,6150.0,1.3116,0
K2-55 b,646.0,53.0,6212.0,1.209,0
K2-57 b,408.0,6.3,4894.0,0.684,0
K2-58 b,780.0,87.69,6200.0,1.64,0
K2-58 c,345.0,3.7,5731.0,0.906,1
K2-58 d,1287.0,686.9,5687.0,1.775,0
K2-59 b,1256.0,639.476,5526.0,1.085,0
K2-59 c,970.0,227.225,5526.0,1.085,0
K2-6 b,736.0,75.29,5526.0,1.085,0
K2-60 b,550.0,23.431,5526.0,1.085,0
K2-61 b,697.0,55.86,5573.0,0.839,0
K2-62 b,924.0,172.6,5351.0,0.796,0
K2-62 c,753.0,76.14,5506.0,0.788,0
K2-63 b,568.0,24.54,6072.0,1.01,0
K2-63 c,999.0,234.98,6092.0,0.943,0
K2-64 b,767.0,84.1,6020.0,1.085,0
K2-65 b,582.0,24.0,5316.0,0.804,0
K2-66 b,757.0,77.75,5349.0,0.82,0
K2-68 b,886.0,145.48,5170.0,0.807,0
K2-69 b,595.0,29.68,3837.0,0.517,0
K2-7 b,1179.0,599.495,6031.0,0.949,0
K2-70 b,956.0,258.418,6031.0,0.949,0
K2-71 b,833.0,113.75,5942.0,1.142,0
K2-72 b,486.0,13.3,4859.0,0.72,0
K2-72 c,699.0,27.05,5821.0,1.494,0
K2-72 d,1021.0,257.11,6320.0,1.252,0
K2-72 e,985.0,222.91,6061.0,0.97,0
K2-73 b,502.0,15.01,3975.0,0.509,0
K2-73 c,566.0,24.27,6085.0,0.973,0
K2-74 b,383.0,5.09,5043.0,0.881,0
K2-75 b,957.0,198.67,6063.0,1.001,0
K2-75 c,839.0,117.5,5757.0,0.762,0
K2-77 b,553.0,24.418,4880.0,0.622,0
K2-79 b,377.0,5.296,4880.0,0.622,0
K2-8 b,212.0,0.53,4880.0,0.622,0
K2-8 c,858.0,127.95,5705.0,0.905,0
K2-80 b,615.0,33.79,3683.0,0.424,0
K2-80 c,462.0,10.73,5776.0,0.849,0
K2-80 d,1144.0,515.0,5855.0,1.613,0
K2-81 b,532.0,21.0,5986.0,0.85,0
K2-83 b,1449.0,420.783256,5611.0,1.4,0
K2-83 c,310.0,3.4,6018.0,1.286,1
K2-84 b,875.0,138.33,5477.0,0.865,0
K2-84 c,955.0,196.33,5774.0,0.864,0
K2-85 b,420.0,7.34,3957.0,0.553,0
K2-86 b,827.0,129.639,6064.0,1.01,0
K2-87 b,583.0,31.95,6064.0,1.01,0
K2-88 b,298.0,1.85,5644.0,0.969,1
K2-89 b,984.0,221.46,6052.0,0.967,0
K2-9 b,419.0,7.29,5446.0,0.821,0
K2-90 b,583.0,27.41,5180.0,0.769,0
K2-90 c,672.0,48.2,4723.0,0.747,0
K2-91 b,631.0,37.43,6086.0,0.921,0
K2-95 b,1093.0,338.4,4915.0,0.812,0
K2-97 b,549.0,21.5,5288.0,0.74,0
K2-98 b,1028.0,93.64,5557.0,1.616,0
K2-99 b,954.0,195.7,5017.0,0.797,0
K2-99 c,841.0,123.802,5232.0,0.891,0
KELT-1 b,633.0,39.631,5232.0,0.891,0
KELT-10 b,501.0,15.536,5232.0,0.891,0
KELT-11 b,398.0,6.22,5295.0,0.83,0
KELT-12 b,480.0,12.56,5229.0,0.903,0
KELT-14 b,613.0,33.34,3871.0,0.532,0
KELT-15 b,714.0,61.49,6572.0,1.238,0
KELT-16 b,1822.0,291.507744,5897.0,1.259,0
KELT-17 b,511.0,16.17,6461.0,1.131,0
KELT-18 b,855.0,126.48,5692.0,1.064,0
KELT-19 A b,406.0,7.8,5868.0,1.042,0
KELT-2 A b,393.0,5.66,5243.0,0.831,0
KELT-20 b,933.0,179.16,6050.0,1.572,0
KELT-21 b,483.0,8.9,6071.0,1.295,0
KELT-23 A b,549.0,30.4,5732.0,1.324,0
KELT-24 b,497.0,25.4,5732.0,1.324,0
KELT-3 b,699.0,56.43,5602.0,1.009,0
KELT-4 A b,391.0,5.51,5661.0,0.934,0
KELT-6 b,1155.0,160.44931200000002,5541.0,0.934,0
KELT-6 c,623.0,39.2,6183.0,1.3,0
KELT-7 b,522.0,16.4,6214.0,1.122,0
KELT-8 b,522.0,9.9,5818.0,1.647,0
KELT-9 b,603.0,29.9,5872.0,1.153,0
KIC 10001893 b,819.0,71.3,5771.0,1.068,0
KIC 10001893 c,942.0,186.14,6310.0,1.095,0
KIC 10001893 d,730.0,67.34,5730.0,1.056,0
KIC 10068024 b,846.0,84.571,5676.0,1.066,0
KIC 10525077 b,656.0,30.546,5676.0,1.066,0
KIC 3526061 b,392.0,3.874,5676.0,1.066,0
KIC 3558849 b,340.0,3.14,5403.0,0.868,1
KIC 5437945 b,1003.0,239.11,5568.0,0.957,0
KIC 5479689 b,773.0,86.0,4931.0,0.734,0
KIC 7917485 b,1088.0,65.5,5129.0,1.781,0
KIC 8121913 b,724.0,64.8,5442.0,0.974,0
KIC 8540376 b,666.0,47.3,5618.0,0.996,0
KIC 8540376 c,501.0,10.7,5808.0,1.397,0
KIC 9663113 b,540.0,20.04,6060.0,0.925,0
KMT-2016-BLG-0212L b,956.0,197.81,4786.0,0.704,0
KMT-2016-BLG-1105L b,380.0,4.91,5436.0,0.888,0
KMT-2016-BLG-1107L b,1075.0,360.262,5302.0,0.759,0
KMT-2016-BLG-1397L b,810.0,115.983,5302.0,0.759,0
KMT-2016-BLG-1820L b,682.0,49.2,5866.0,1.367,0
KMT-2016-BLG-1836L b,1021.0,257.14,5887.0,1.177,0
KMT-2016-BLG-2142L b,1047.0,283.78,5229.0,1.005,0
KMT-2016-BLG-2321L b,713.0,61.24,5191.0,0.764,0
KMT-2016-BLG-2364L b,703.0,57.59,5052.0,0.816,0
KMT-2016-BLG-2397L b,520.0,17.3,4500.0,0.688,0
KMT-2016-BLG-2605L b,598.0,30.3,6036.0,0.949,0
KMT-2017-BLG-0165L b,684.0,51.68,6244.0,1.009,0
KMT-2017-BLG-0428L b,408.0,6.52,3967.0,0.587,0
KMT-2017-BLG-0673L b,770.0,83.04,5831.0,0.921,0
KMT-2017-BLG-0849L b,1165.0,355.735,5345.0,1.108,0
KMT-2017-BLG-1003L b,899.0,126.081,5345.0,1.108,0
KMT-2017-BLG-1038L b,720.0,51.922,5345.0,1.108,0
KMT-2017-BLG-1057L b,781.0,72.119,5731.0,1.063,0
KMT-2017-BLG-1146L b,540.0,16.423,5731.0,1.063,0
KMT-2017-BLG-1194L b,1533.0,242.0,5343.0,0.6846,0
KMT-2017-BLG-2197L b,829.0,111.52,5738.0,0.981,0
KMT-2017-BLG-2331L b,371.0,4.47,5738.0,0.981,1
KMT-2017-BLG-2509L b,581.0,26.91,4245.0,0.637,0
KMT-2018-BLG-0029L b,357.0,3.86,4245.0,0.637,1
KMT-2018-BLG-0030L b,913.0,164.61,5109.0,1.671,0
KMT-2018-BLG-0087L b,479.0,12.48,3867.0,0.552,0
KMT-2018-BLG-0247L b,729.0,66.89,5311.0,0.788,0
KMT-2018-BLG-0748L b,1108.0,356.24,6455.0,1.496,0
KMT-2018-BLG-0885L b,601.0,30.94,5530.0,0.892,0
KMT-2018-BLG-1025L b,877.0,158.2,4901.0,0.716,0
KMT-2018-BLG-1292L b,1041.0,255.584,5333.0,0.749,0
KMT-2018-BLG-1743L b,937.0,168.188,5333.0,0.749,0
KMT-2018-BLG-1976L b,380.0,4.91,5492.0,1.016,0
KMT-2018-BLG-1988L b,455.0,10.11,5561.0,1.19,0
KMT-2018-BLG-1990L b,1034.0,270.34,6174.0,1.103,0
KMT-2018-BLG-1996L b,1059.0,298.2,5167.0,0.787,0
KMT-2018-BLG-2602L b,1022.0,216.9,4922.0,0.823,0
KMT-2019-BLG-0253L b,1711.0,378.04600800000003,4922.0,0.823,0
KMT-2019-BLG-0297L b,763.0,80.01,5516.0,0.967,0
KMT-2019-BLG-0298L b,310.0,2.0,5051.0,0.706,1
KMT-2019-BLG-0335L b,463.0,10.85,5316.0,0.915,0
KMT-2019-BLG-0371L b,1209.0,504.23,6047.0,1.129,0
KMT-2019-BLG-0414L b,760.0,78.99,6090.0,1.071,0
KMT-2019-BLG-0578L b,935.0,239.787,6250.0,1.146,0
KMT-2019-BLG-0842L b,729.0,88.852,6250.0,1.146,0
KMT-2019-BLG-0953L b,561.0,23.41,5841.0,0.931,0
KMT-2019-BLG-1042L b,644.0,40.61,5475.0,0.884,0
KMT-2019-BLG-1216L b,507.0,15.65,5165.0,0.702,0
KMT-2019-BLG-1339L b,718.0,78.0,6000.0,1.126,0
KMT-2019-BLG-1367L b,421.0,7.45,6002.0,1.081,0
KMT-2019-BLG-1552L b,1520.0,306.706176,5123.0,0.847,0
KMT-2019-BLG-1715L b,806.0,99.32,3821.0,0.486,0
KMT-2019-BLG-1806L b,1329.0,420.783256,5423.0,1.404,0
KMT-2019-BLG-1953L b,799.0,96.27,5806.0,0.899,0
KMT-2019-BLG-2783L b,860.0,129.37,5230.0,0.777,0
KMT-2019-BLG-2974L b,1088.0,281.845,5888.0,0.958,0
KMT-2020-BLG-0414L b,857.0,108.717,5888.0,0.958,0
KMT-2020-BLG-0414L c,681.0,35.8,6160.0,0.42413999999999996,0
KMT-2021-BLG-0119L b,1051.0,288.69,6063.0,1.012,0
KMT-2021-BLG-0171L b,1022.0,257.32,5242.0,0.722,0
KMT-2021-BLG-0192L b,1177.0,439.2,6164.0,1.446,0
KMT-2021-BLG-0240L b,848.0,105.2,4821.0,0.788,0
KMT-2021-BLG-0320L b,1541.0,278.06737599999997,4821.0,0.788,0
KMT-2021-BLG-0322L b,808.0,100.96,5903.0,0.961,0
KMT-2021-BLG-0712L b,1093.0,338.15,6123.0,0.987,0
KMT-2021-BLG-0736L b,1012.0,247.83,5966.0,0.961,0
KMT-2021-BLG-0748L b,1097.0,271.6,5877.0,1.0699999999999998,0
KMT-2021-BLG-0909L b,1049.0,286.32,5926.0,0.939,0
KMT-2021-BLG-0912L b,780.0,70.361,5788.0,0.873,0
KMT-2021-BLG-1077L b,630.0,29.875,5788.0,0.873,0
KMT-2021-BLG-1077L c,559.0,18.557,5788.0,0.873,0
KMT-2021-BLG-1105L b,284.0,1.3,4898.0,0.803,1
KMT-2021-BLG-1150L b,542.0,20.35,5190.0,0.899,0
KMT-2021-BLG-1253L b,822.0,108.07,5970.0,1.131,0
KMT-2021-BLG-1303L b,772.0,111.8,5422.0,1.782,0
KMT-2021-BLG-1372L b,1074.0,314.25,5776.0,0.849,0
KMT-2021-BLG-1391L b,584.0,27.47,4703.0,0.701,0
KMT-2021-BLG-1547L b,552.0,24.5,4825.0,0.732,0
KMT-2021-BLG-1554L b,843.0,119.44,6122.0,0.964,0
KMT-2021-BLG-1689L b,774.0,94.3,4847.0,0.737,0
KMT-2021-BLG-1770L b,355.0,3.76,4806.0,0.729,1
KMT-2021-BLG-1898L b,1237.0,475.507,5208.0,0.806,0
KMT-2021-BLG-2010L b,530.0,16.029,5208.0,0.806,0
KMT-2021-BLG-2294L b,1008.0,245.15,4239.0,0.6,0
KMT-2021-BLG-2478L b,776.0,85.78,5982.0,0.879,0
KMT-2021-BLG-2609L b,760.0,79.1,5237.0,0.826,0
KMT-2022-BLG-0303L b,386.0,5.23,4821.0,0.788,0
KMT-2022-BLG-0371L b,420.0,7.33,5026.0,0.759,0
KMT-2022-BLG-0440L b,849.0,86.97,4771.0,0.356,0
KMT-2022-BLG-1013L b,1344.0,772.73,4948.0,0.816,0
KMT-2022-BLG-1790L b,946.0,217.4,6074.0,1.005,0
KMT-2022-BLG-1818L b,330.0,2.79,4939.0,0.819,1
KMT-2022-BLG-1818L c,1455.0,407.494504,5887.0,1.235,0
KMT-2022-BLG-2076L b,1327.0,732.82,5887.0,1.235,0
KMT-2022-BLG-2286L b,571.0,37.372,3788.0,0.472,0
KMT-2023-BLG-0119L b,464.0,13.98,3788.0,0.472,0
KMT-2023-BLG-0416L b,379.0,7.204,3788.0,0.472,0
KMT-2023-BLG-0469L b,319.0,3.608,3788.0,0.472,1
KMT-2023-BLG-0548L b,177.0,0.3,3755.0,0.523,0
KMT-2023-BLG-0735L b,697.0,56.3,5420.0,0.868,0
KMT-2023-BLG-0830L b,617.0,31.5,5855.0,1.373,0
KMT-2023-BLG-0949L b,645.0,41.04,5644.0,0.806,0
KMT-2023-BLG-1431L b,508.0,41.5,5871.0,0.983,0
KMT-2023-BLG-1454L b,1156.0,427.6,5854.0,0.979,0
KMT-2023-BLG-1642L b,1203.0,495.14,5420.0,0.871,0
KMT-2023-BLG-1743L b,834.0,114.36,5791.0,1.083,0
KMT-2023-BLG-1866L b,768.0,82.32,5693.0,0.816,0
KMT-2023-BLG-1896L b,215.0,0.5,4658.0,0.686,0
KMT-2023-BLG-2209L b,865.0,138.5,5808.0,0.902,0
KMT-2024-BLG-0404L b,1455.0,215.92867999999999,5808.0,0.902,0
KMT-2024-BLG-0404L c,1244.0,902.239,6105.0,1.287,0
KMT-2024-BLG-1005L b,963.0,324.134,6105.0,1.287,0
KMT-2024-BLG-1044L b,1046.0,287.6,5508.0,0.84,0
KMT-2024-BLG-1209L b,1403.0,917.15,5741.0,0.946,0
KMT-2024-BLG-1281L b,1005.0,241.25,5223.0,0.885,0
KMT-2024-BLG-2059L b,1787.0,373.866008,5151.0,0.792,0
KMT-2024-BLG-2242L b,356.0,3.79,4701.0,0.775,1
KMT-2025-BLG-1616L b,559.0,23.05,6161.0,0.862,0
KOBE-1 b,1299.0,475.0,6104.0,1.477,0
KOBE-1 c,1278.0,691.1,5615.0,0.936,0
KOI-12 b,1063.0,302.6,5918.0,0.865,0
KOI-1257 b,987.0,242.6,5865.0,1.388,0
KOI-13 b,1463.0,225.354936,6021.0,1.141,0
KOI-134 b,1025.0,257.348,6021.0,1.141,0
KOI-134 c,606.0,31.73,4380.0,0.53,0
KOI-142 b,289.0,1.5,5135.0,0.874,1
KOI-142 c,894.0,122.1,5691.0,1.458,0
KOI-1599.01,416.0,7.08,6208.0,1.024,0
KOI-1599.02,864.0,131.92,5984.0,0.906,0
KOI-1783.01,1205.0,499.07,5591.0,0.86,0
KOI-1783.02,580.0,26.68,5745.0,0.837,0
KOI-1831 d,625.0,36.14,5749.0,0.864,0
KOI-1833 d,886.0,145.67,5557.0,1.249,0
KOI-1843.03,493.0,14.0,5646.0,0.817,0
KOI-217 b,678.0,45.389,5235.0,0.75,0
KOI-2513.01,544.0,18.811,5235.0,0.75,0
KOI-3503 b,1328.0,493.0,6046.0,1.396,0
KOI-3503 c,1017.0,253.28,5516.0,0.827,0
KOI-351 b,822.0,108.04,5383.0,0.759,0
KOI-351 c,1194.0,478.98,5633.0,1.162,0
KOI-351 d,1231.0,544.05,5772.0,0.901,0
KOI-351 e,1007.0,243.06,5772.0,0.901,0
KOI-351 f,789.0,91.45,5076.0,0.763,0
KOI-351 g,536.0,19.5,6122.0,0.996,0
KOI-351 h,505.0,15.43,5165.0,0.761,0
KOI-3680 b,1167.0,204.6,5702.0,1.125,0
KOI-4777.01,851.0,124.3,4791.0,0.742,0
KOI-4978 b,851.0,87.6,5541.0,0.859,0
KOI-55 b,1166.0,417.238,5106.0,0.795,0
KOI-55 c,948.0,181.699,5106.0,0.795,0
KOI-7368 b,1356.0,798.35,6173.0,1.041,0
KOI-7913 b,1132.0,389.41,5696.0,0.921,0
KOI-94 b,601.0,30.84,3729.0,0.514,0
KOI-94 c,769.0,82.56,6347.0,0.996,0
KOI-94 d,567.0,24.38,3805.0,0.497,0
KOI-94 e,1212.0,508.75,5788.0,1.015,0
KOI-984 b,901.0,155.72,5868.0,0.894,0
KOI-984 c,856.0,75.0,5159.0,0.8,0
KOINTREAU-1 b,620.0,20.6,5159.0,0.8,0
KPS-1 b,1031.0,266.01,4935.0,0.685,0
Kapteyn c,722.0,50.2,5282.0,0.789,0
Kepler-10 b,596.0,23.2,5282.0,0.789,0
Kepler-10 c,857.0,99.6,5215.0,0.8,0
Kepler-10 d,645.0,40.88,4234.0,0.639,0
Kepler-100 b,987.0,223.93,5721.0,0.972,0
Kepler-100 c,976.0,201.8,5734.0,0.962,0
Kepler-100 d,818.0,105.7,6214.0,1.076,0
Kepler-100 e,585.0,27.66,5982.0,0.96,0
Kepler-1000 b,809.0,101.05,6020.0,1.057,0
Kepler-1001 b,635.0,38.54,6246.0,1.092,0
Kepler-1001 c,675.0,48.99,5530.0,0.788,0
Kepler-1002 b,497.0,14.43,5889.0,0.924,0
Kepler-1003 b,479.0,12.46,5513.0,0.818,0
Kepler-1004 b,803.0,105.297,5479.0,1.007,0
Kepler-1005 b,623.0,38.216,5479.0,1.007,0
Kepler-1006 b,926.0,186.076,5487.0,0.94,0
Kepler-1007 b,660.0,44.87,6277.0,1.161,0
Kepler-1008 b,967.0,216.2,6120.0,1.2715999999999998,0
Kepler-1009 b,1791.0,111.05636,6120.0,1.2588000000000001,0
Kepler-101 b,740.0,71.11,5931.0,0.863,0
Kepler-101 c,553.0,8.63,5881.0,1.294,0
Kepler-1010 b,821.0,107.44,5726.0,1.285,0
Kepler-1011 b,531.0,18.74,5856.0,1.092,0
Kepler-1012 b,451.0,9.8,5256.0,0.832,0
Kepler-1013 b,677.0,34.7,6056.0,0.7922800000000001,0
Kepler-1014 b,621.0,37.8,5720.0,0.92,0
Kepler-1015 b,566.0,37.2,5786.0,1.471,0
Kepler-1016 b,979.0,117.303,6335.0,1.147,0
Kepler-1016 c,595.0,16.026,6335.0,1.147,0
Kepler-1017 b,643.0,31.6,5083.0,0.844,0
Kepler-1018 b,619.0,51.7,6167.0,1.221,0
Kepler-1019 b,1891.0,339.538888,5278.0,0.815,0
Kepler-102 b,1058.0,250.5,5661.0,1.008,0
Kepler-102 c,1700.0,262.572216,5925.0,1.035,0
Kepler-102 d,1083.0,324.78,5570.0,0.899,0
Kepler-102 e,524.0,9.4,6501.0,0.32288,0
Kepler-102 f,1014.0,163.1,6457.0,1.196,0
Kepler-1020 b,527.0,18.25,4522.0,0.655,0
Kepler-1021 b,816.0,104.74,4353.0,0.603,0
Kepler-1022 b,1648.0,953.173,6089.0,1.025,0
Kepler-1023 b,815.0,56.955,6089.0,1.025,0
Kepler-1024 b,562.0,12.863,6089.0,1.025,0
Kepler-1025 b,885.0,145.23,5431.0,0.717,0
Kepler-1026 b,666.0,46.53,6404.0,1.142,0
Kepler-1027 b,1012.0,247.34,5834.0,0.797,0
Kepler-1028 b,1098.0,724.2,6032.0,0.973,0
Kepler-1029 b,801.0,97.62,5585.0,0.972,0
Kepler-103 b,808.0,100.72,4991.0,0.804,0
Kepler-103 c,1143.0,403.53,5505.0,0.873,0
Kepler-1030 b,1298.0,229.4,6040.0,1.686,0
Kepler-1031 b,399.0,5.98,3872.0,0.557,0
Kepler-1032 b,1709.0,341.52855200000005,6028.0,1.454,0
Kepler-1033 b,751.0,74.148,5329.0,0.775,0
Kepler-1034 b,469.0,11.281,5329.0,0.775,0
Kepler-1035 b,752.0,75.83,5455.0,0.852,0
Kepler-1036 b,728.0,66.27,5468.0,1.306,0
Kepler-1037 b,725.0,65.27,5973.0,1.305,0
Kepler-1038 b,731.0,67.62,4858.0,0.707,0
Kepler-1038 c,949.0,192.09,5840.0,0.849,0
Kepler-1039 b,853.0,114.3,5825.0,1.291,0
Kepler-104 b,674.0,48.82,4391.0,0.682,0
Kepler-104 c,1099.0,345.07,4904.0,0.772,0
Kepler-104 d,806.0,99.6,5749.0,0.864,0
Kepler-1040 b,811.0,102.25,5071.0,0.811,0
Kepler-1041 b,536.0,20.735,5128.0,0.782,0
Kepler-1042 b,407.0,6.88,5128.0,0.782,0
Kepler-1043 b,297.0,1.8,5132.0,0.77,1
Kepler-1044 b,1547.0,286.632488,6371.0,1.072,0
Kepler-1045 b,866.0,132.98,5401.0,0.777,0
Kepler-1046 b,901.0,155.95,5700.0,1.006,0
Kepler-1047 b,1448.0,612.3,5726.0,0.979,0
Kepler-1047 c,986.0,223.8,4803.0,0.698,0
Kepler-1048 b,492.0,13.8,5852.0,0.837,0
Kepler-1049 b,733.0,68.28,5009.0,0.84,0
Kepler-105 b,1086.0,57.1,4970.0,1.806,0
Kepler-105 c,744.0,72.16,5008.0,0.788,0
Kepler-1050 b,999.0,235.89,6046.0,1.007,0
Kepler-1050 c,1142.0,431.256,6004.0,1.12,0
Kepler-1051 b,930.0,189.965,6004.0,1.12,0
Kepler-1052 b,810.0,109.091,6004.0,1.12,0
Kepler-1052 c,691.0,57.941,6004.0,1.12,0
Kepler-1053 b,1084.0,341.3,5818.0,1.384,0
Kepler-1054 b,1215.0,198.4,5818.0,1.384,0
Kepler-1055 b,1103.0,349.4,5712.0,1.082,0
Kepler-1056 b,798.0,95.61,4805.0,0.688,0
Kepler-1057 b,676.0,49.3,5251.0,0.778,0
Kepler-1058 b,683.0,51.32,5942.0,0.938,0
Kepler-1059 b,655.0,44.549,5574.0,0.94,0
Kepler-106 b,465.0,11.354,5574.0,0.94,0
Kepler-106 c,1562.0,282.87480800000003,5636.0,0.93,0
Kepler-106 d,564.0,23.95,5819.0,0.99,0
Kepler-106 e,390.0,5.45,5874.0,0.2909,0
Kepler-1060 b,1282.0,638.38,6202.0,1.122,0
Kepler-1061 b,807.0,100.13,5135.0,0.874,0
Kepler-1062 b,675.0,48.82,3638.0,0.42,0
Kepler-1063 b,1129.0,382.68,5370.0,0.966,0
Kepler-1064 b,579.0,26.62,5549.0,0.732,0
Kepler-1065 b,997.0,233.38,4769.0,0.714,0
Kepler-1065 c,860.0,129.44,4769.0,0.714,0
Kepler-1066 b,744.0,72.38,4769.0,0.714,0
Kepler-1067 b,643.0,40.33,4769.0,0.714,0
Kepler-1067 c,1105.0,351.79,6033.0,1.788,0
Kepler-1068 b,904.0,157.97,6032.0,1.06,0
Kepler-1069 b,595.0,31.679,5644.0,0.967,0
Kepler-107 b,420.0,7.885,5644.0,0.967,0
Kepler-107 c,1554.0,338.891912,5751.0,1.071,0
Kepler-107 d,1170.0,442.08,5751.0,1.071,0
Kepler-107 e,760.0,78.79,5478.0,1.053,0
Kepler-1070 b,634.0,38.27,5478.0,1.053,0
Kepler-1071 b,637.0,38.99,5383.0,0.842,0
Kepler-1072 b,903.0,157.45,5159.0,0.9323340000000002,0
Kepler-1073 b,1032.0,268.27,5495.0,0.961,0
Kepler-1073 c,375.0,4.66,5029.0,0.93,0
Kepler-1073 d,392.0,5.61,4580.0,0.675,0
Kepler-1074 b,276.0,1.38,4580.0,0.675,1
Kepler-1075 b,660.0,44.86,6215.0,1.052,0
Kepler-1076 b,1187.0,468.31,5640.0,0.921,0
Kepler-1077 b,577.0,26.17,4406.0,0.628,0
Kepler-1078 b,1187.0,331.0,5495.0,0.9164,0
Kepler-1079 b,828.0,78.7,5495.0,0.9164,0
Kepler-108 b,430.0,5.71,5495.0,0.9164,0
Kepler-108 c,1004.0,169.8,5495.0,0.9164,0
Kepler-1080 b,681.0,35.9,5495.0,0.9164,0
Kepler-1081 b,524.0,11.46478,5495.0,0.9639,0
Kepler-1082 b,854.0,159.069,5678.0,0.944,0
Kepler-1083 b,806.0,126.361,5678.0,0.944,0
Kepler-1084 b,530.0,18.73,3757.0,0.576,0
Kepler-1085 b,359.0,3.92,3757.0,0.576,1
Kepler-1085 c,1402.0,911.28,5081.0,0.77,0
Kepler-1086 b,597.0,30.1,5081.0,0.77,0
Kepler-1086 c,683.0,64.549,6065.0,1.229,0
Kepler-1087 b,378.0,6.033,6065.0,1.229,0
Kepler-1088 b,802.0,108.504,4668.0,0.667,0
Kepler-1089 b,505.0,17.07,4668.0,0.667,0
Kepler-109 b,1308.0,668.215,5821.0,1.114,0
Kepler-109 c,1096.0,329.788,5821.0,1.114,0
Kepler-1090 b,855.0,121.816,5821.0,1.114,0
Kepler-1090 c,828.0,79.703,5812.0,1.238,0
Kepler-1091 b,683.0,36.886,5812.0,1.238,0
Kepler-1092 b,757.0,102.562,4321.0,0.546,0
Kepler-1093 b,389.0,7.14,4321.0,0.546,0
Kepler-1093 c,983.0,192.273,5764.0,1.185,0
Kepler-1094 b,825.0,95.51,5764.0,1.185,0
Kepler-1095 b,681.0,44.17,5764.0,1.185,0
Kepler-1096 b,1930.0,426.71111600000006,5920.0,1.588,0
Kepler-1097 b,1556.0,426.71111600000006,5920.0,1.588,0
Kepler-1098 b,1254.0,732.604,5920.0,1.588,0
Kepler-1099 b,1379.0,639.576,6092.0,1.314,0
Kepler-11 b,1141.0,300.165,6092.0,1.314,0
Kepler-11 c,999.0,176.283,6092.0,1.314,0
Kepler-11 d,880.0,106.345,6092.0,1.314,0
Kepler-11 e,668.0,48.662,5513.0,0.935,0
Kepler-11 f,486.0,13.637,5513.0,0.935,0
Kepler-11 g,2015.0,314.5096,6305.0,1.4764,0
Kepler-110 b,737.0,122.139,4559.0,0.65,0
Kepler-110 c,497.0,25.44,4559.0,0.65,0
Kepler-1100 b,954.0,158.188,5123.0,0.816,0
Kepler-1101 b,841.0,95.436,5123.0,0.816,0
Kepler-1102 b,830.0,133.866,5852.0,1.455,0
Kepler-1103 b,664.0,54.662,5852.0,1.455,0
Kepler-1104 b,1326.0,833.469,5696.0,1.195,0
Kepler-1105 b,1060.0,339.536,5696.0,1.195,0
Kepler-1106 b,758.0,196.402,6169.0,1.352,0
Kepler-1107 b,619.0,87.244,6169.0,1.352,0
Kepler-1108 b,784.0,105.073,5739.0,1.027,0
Kepler-1109 b,675.0,57.694,5739.0,1.027,0
Kepler-111 b,527.0,21.404,5739.0,1.027,0
Kepler-111 c,405.0,7.444,5739.0,1.027,0
Kepler-1110 b,1069.0,540.034,6091.0,1.26,0
Kepler-1111 b,814.0,182.057,6091.0,1.26,0
Kepler-1112 b,1413.0,309.0428,6171.0,1.799,0
Kepler-1113 b,1208.0,730.808,6171.0,1.799,0
Kepler-1114 b,1574.0,328.57097999999996,6341.0,1.76,0
Kepler-1115 b,1156.0,460.656,5502.0,1.063,0
Kepler-1116 b,500.0,16.147,5502.0,1.063,0
Kepler-1117 b,356.0,4.118,5542.0,1.02,1
Kepler-1118 b,1307.0,456.732,5786.0,1.491,0
Kepler-1119 b,766.0,54.105,5786.0,1.491,0
Kepler-112 b,598.0,20.01,5786.0,1.491,0
Kepler-112 c,279.0,1.013,5596.0,0.869,1
Kepler-1120 b,759.0,105.001,4632.0,0.666,0
Kepler-1121 b,586.0,37.321,4632.0,0.666,0
Kepler-1122 b,401.0,8.208,4632.0,0.666,0
Kepler-1123 b,341.0,4.274,4632.0,0.666,1
Kepler-1124 b,1090.0,308.885,5243.0,0.821,0
Kepler-1125 b,860.0,119.836,5243.0,0.821,0
Kepler-1126 b,712.0,56.293,5243.0,0.821,0
Kepler-1126 c,582.0,25.156,5243.0,0.821,0
Kepler-1127 b,1004.0,206.769,5433.0,0.869,0
Kepler-1128 b,734.0,59.076,5433.0,0.869,0
Kepler-1129 b,522.0,15.087,5433.0,0.869,0
Kepler-1129 c,1042.0,444.053,5803.0,1.72,0
Kepler-113 b,947.0,302.474,5803.0,1.72,0
Kepler-113 c,827.0,175.951,5803.0,1.72,0
Kepler-1130 b,751.0,119.882,5803.0,1.72,0
Kepler-1130 c,937.0,201.489,5018.0,0.676,0
Kepler-1130 d,758.0,86.332,5018.0,0.676,0
Kepler-1131 b,610.0,36.293,5018.0,0.676,0
Kepler-1132 b,517.0,18.732,5018.0,0.676,0
Kepler-1133 b,579.0,38.883,3682.0,0.48,0
Kepler-1134 b,412.0,9.903,3682.0,0.48,0
Kepler-1135 b,1018.0,270.402,5571.0,0.802,0
Kepler-1136 b,919.0,180.513,5571.0,0.802,0
Kepler-1137 b,800.0,103.645,5571.0,0.802,0
Kepler-1138 b,793.0,104.641,5854.0,1.091,0
Kepler-1139 b,443.0,10.186,5854.0,1.091,0
Kepler-114 b,1360.0,863.776,6043.0,1.014,0
Kepler-114 c,1160.0,457.318,6043.0,1.014,0
Kepler-114 d,835.0,122.778,6043.0,1.014,0
Kepler-1140 b,823.0,76.217,5120.0,0.728,0
Kepler-1141 b,600.0,21.637,5120.0,0.728,0
Kepler-1142 b,439.0,6.162,5120.0,0.728,0
Kepler-1143 b,1157.0,446.107,5828.0,1.548,0
Kepler-1143 c,1008.0,257.39,5828.0,1.548,0
Kepler-1144 b,896.0,161.038,5828.0,1.548,0
Kepler-1145 b,506.0,11.816,5588.0,0.817,0
Kepler-1146 b,359.0,2.976,5588.0,0.817,1
Kepler-1147 b,488.0,14.879,3767.0,0.49,0
Kepler-1148 b,393.0,6.267,3767.0,0.49,0
Kepler-1149 b,1104.0,410.583,5847.0,0.968,0
Kepler-115 b,806.0,116.524,5847.0,0.968,0
Kepler-115 c,751.0,85.131,5360.0,0.758,0
Kepler-1150 b,390.0,6.195,5360.0,0.758,0
Kepler-1151 b,1420.0,184.88113600000003,6224.0,1.113,0
Kepler-1152 b,1025.0,273.304,6224.0,1.113,0
Kepler-1153 b,731.0,44.0,4255.0,0.554,0
Kepler-1154 b,555.0,14.2,4255.0,0.554,0
Kepler-1154 c,401.0,4.03,4255.0,0.554,0
Kepler-1155 b,306.0,1.33,4255.0,0.554,1
Kepler-1156 b,469.0,15.632,3750.0,0.51,0
Kepler-1157 b,329.0,3.802,3750.0,0.51,1
Kepler-1158 b,823.0,124.961,4861.0,0.725,0
Kepler-1159 b,687.0,60.642,4861.0,0.725,0
Kepler-116 b,1642.0,330.74057200000004,5751.0,1.43,0
Kepler-116 c,1146.0,592.298,5751.0,1.43,0
Kepler-1160 b,888.0,213.48,5751.0,1.43,0
Kepler-1161 b,731.0,98.461,5800.0,0.96,0
Kepler-1162 b,568.0,35.869,5800.0,0.96,0
Kepler-1162 c,616.0,34.746,4914.0,0.763,0
Kepler-1163 b,366.0,4.315,4914.0,0.763,1
Kepler-1164 b,1050.0,252.246,6028.0,1.099,0
Kepler-1165 b,915.0,144.827,6028.0,1.099,0
Kepler-1165 c,1305.0,601.895,5897.0,1.289,0
Kepler-1166 b,792.0,81.506,5897.0,1.289,0
Kepler-1167 b,864.0,142.736,4985.0,0.739,0
Kepler-1168 b,696.0,59.838,4985.0,0.739,0
Kepler-1169 b,562.0,23.6,4699.0,0.668,0
Kepler-117 b,397.0,5.88,4699.0,0.668,0
Kepler-117 c,742.0,43.768,5020.0,0.85,0
Kepler-1170 b,613.0,20.498,5020.0,0.85,0
Kepler-1171 b,850.0,115.505,5228.0,0.842,0
Kepler-1172 b,559.0,21.72,5228.0,0.842,0
Kepler-1173 b,1038.0,242.471,5554.0,0.803,0
Kepler-1174 b,791.0,81.574,5554.0,0.803,0
Kepler-1175 b,622.0,31.267,5554.0,0.803,0
Kepler-1176 b,753.0,77.749,5100.0,0.795,0
Kepler-1177 b,568.0,25.152,5100.0,0.795,0
Kepler-1178 b,445.0,9.492,5100.0,0.795,0
Kepler-1179 b,998.0,240.151,5174.0,0.8,0
Kepler-118 b,896.0,141.613,5206.0,0.831,0
Kepler-118 c,667.0,43.208,5206.0,0.831,0
Kepler-1180 b,970.0,216.111,5100.0,0.768,0
Kepler-1181 b,686.0,53.899,5100.0,0.768,0
Kepler-1181 c,530.0,19.21,5100.0,0.768,0
Kepler-1182 b,819.0,79.311,5190.0,0.831,0
Kepler-1183 b,598.0,22.459,5190.0,0.831,0
Kepler-1184 b,554.0,24.26,4394.8,0.482,0
Kepler-1185 b,429.0,12.529,4061.72,0.482,0
Kepler-1186 b,332.0,4.474,4547.2,0.482,1
Kepler-1187 b,1185.0,542.96,6354.0,1.316,0
Kepler-1188 b,934.0,210.172,6354.0,1.316,0
Kepler-1189 b,938.0,148.103,5160.0,0.805,0
Kepler-119 b,782.0,71.499,5160.0,0.805,0
Kepler-119 c,579.0,21.463,5160.0,0.805,0
Kepler-1190 b,990.0,203.169,5526.0,0.89,0
Kepler-1191 b,655.0,38.953,5526.0,0.89,0
Kepler-1192 b,536.0,17.477,5526.0,0.89,0
Kepler-1193 b,360.0,3.548,5526.0,0.89,1
Kepler-1194 b,587.0,39.264,4208.0,0.549,0
Kepler-1195 b,499.0,20.507,4208.0,0.549,0
Kepler-1196 b,949.0,194.346,5208.0,0.786,0
Kepler-1197 b,680.0,51.273,5208.0,0.786,0
Kepler-1198 b,563.0,24.084,5208.0,0.786,0
Kepler-1199 b,1013.0,184.341,5957.0,0.91,0
Kepler-12 b,787.0,67.225,5957.0,0.91,0
Kepler-120 b,686.0,38.844,5957.0,0.91,0
Kepler-120 c,971.0,174.395,5573.0,0.933,0
Kepler-1200 b,807.0,83.264,5573.0,0.933,0
Kepler-1201 b,1710.0,130.58787999999998,5431.0,0.86,0
Kepler-1202 b,1681.0,274.040744,5551.0,1.301,0
Kepler-1203 b,1315.0,457.066,5551.0,1.301,0
Kepler-1204 b,1097.0,221.1,5551.0,1.301,0
Kepler-1205 b,897.0,98.9,5551.0,1.301,0
Kepler-1206 b,1237.0,343.6,5180.0,1.037,0
Kepler-1207 b,881.0,88.6,5180.0,1.037,0
Kepler-1208 b,567.0,15.2,5180.0,1.037,0
Kepler-1209 b,642.0,27.791,4942.0,0.915,0
Kepler-121 b,470.0,7.985,4942.0,0.915,0
Kepler-121 c,879.0,113.451,5938.0,0.898,0
Kepler-1210 b,530.0,15.054,5938.0,0.898,0
Kepler-1211 b,431.0,7.6,3914.0,0.512,0
Kepler-1212 b,385.0,4.82,3914.0,0.512,0
Kepler-1213 b,652.0,31.79,4486.0,0.571,0
Kepler-1214 b,276.0,1.753,4486.0,0.571,1
Kepler-1215 b,782.0,132.134,5250.0,0.862,0
Kepler-1216 b,372.0,6.775,5250.0,0.862,1
Kepler-1217 b,672.0,45.779,5098.0,0.794,0
Kepler-1218 b,505.0,14.512,5098.0,0.794,0
Kepler-1219 b,734.0,50.169,5841.0,0.881,0
Kepler-122 b,618.0,25.26,5841.0,0.881,0
Kepler-122 c,548.0,24.308,5265.0,0.785,0
Kepler-122 d,386.0,5.994,5265.0,0.785,0
Kepler-122 e,772.0,79.478,6158.0,1.55,0
Kepler-122 f,511.0,15.347,6158.0,1.55,0
Kepler-1220 b,1022.0,220.328,5835.0,1.103,0
Kepler-1221 b,755.0,65.359,5835.0,1.103,0
Kepler-1222 b,554.0,18.941,5835.0,1.103,0
Kepler-1223 b,476.0,10.354,5835.0,1.103,0
Kepler-1224 b,1066.0,230.403,5885.0,1.028,0
Kepler-1225 b,421.0,5.592,5885.0,1.028,0
Kepler-1226 b,615.0,45.843,4258.0,0.555,0
Kepler-1227 b,484.0,17.583,4258.0,0.555,0
Kepler-1228 b,301.0,2.647,4258.0,0.555,1
Kepler-1229 b,695.0,64.933,6081.0,1.274,0
Kepler-123 b,471.0,13.662,6081.0,1.274,0
Kepler-123 c,1007.0,604.9,5847.0,0.959,0
Kepler-1230 b,875.0,342.6,5847.0,0.959,0
Kepler-1231 b,610.0,28.681,5400.0,0.59,0
Kepler-1232 b,481.0,11.067,5400.0,0.59,0
Kepler-1233 b,810.0,88.2,5251.0,0.817,0
Kepler-1234 b,984.0,178.362,6067.0,1.461,0
Kepler-1235 b,756.0,62.241,6067.0,1.461,0
Kepler-1236 b,759.0,75.957,5555.0,0.87,0
Kepler-1237 b,850.0,119.631,5555.0,0.87,0
Kepler-1238 b,954.0,189.343,5555.0,0.87,0
Kepler-1239 b,1200.0,801.741,5297.0,0.929,0
Kepler-124 b,947.0,310.76,5297.0,0.929,0
Kepler-124 c,777.0,141.135,5297.0,0.929,0
Kepler-124 d,1209.0,285.636,5626.0,0.815,0
Kepler-1240 b,865.0,74.887,5626.0,0.815,0
Kepler-1241 b,961.0,147.812,6023.0,1.007,0
Kepler-1242 b,678.0,36.518,6023.0,1.007,0
Kepler-1243 b,1015.0,266.3,6165.0,1.383,0
Kepler-1244 b,875.0,146.5,6165.0,1.383,0
Kepler-1245 b,671.0,50.7,6165.0,1.383,0
Kepler-1245 c,739.0,58.586,6105.0,1.046,0
Kepler-1246 b,563.0,19.793,5693.0,1.03,0
Kepler-1247 b,489.0,11.274,5693.0,1.03,0
Kepler-1248 b,964.0,198.245,5946.0,1.69,0
Kepler-1249 b,778.0,83.898,5946.0,1.69,0
Kepler-125 b,586.0,110.0,4965.0,0.58426,0
Kepler-125 c,492.0,54.3,4965.0,0.4382,0
Kepler-1250 b,1104.0,249.021,6363.0,1.746,0
Kepler-1251 b,774.0,60.157,6689.45,1.07,0
Kepler-1252 b,574.0,35.739,6689.45,1.07,0
Kepler-1253 b,552.0,21.96,6689.45,1.43,0
Kepler-1254 b,585.0,62.577,4499.3,0.664,0
Kepler-1254 c,509.0,35.898,4499.3,0.664,0
Kepler-1254 d,1425.0,821.894,5744.0,0.886,0
Kepler-1255 b,1088.0,279.085,5744.0,0.886,0
Kepler-1256 b,694.0,118.246,5723.0,0.899,0
Kepler-1257 b,513.0,35.203,5723.0,0.899,0
Kepler-1258 b,321.0,2.51,5717.0,0.884,1
Kepler-1259 b,817.0,195.935,5602.0,0.904,0
Kepler-126 b,717.0,116.117,5602.0,0.904,0
Kepler-126 c,588.0,52.348,5656.0,0.89,0
Kepler-126 d,484.0,24.114,5656.0,0.89,0
Kepler-1260 b,488.0,16.26,4351.0,0.566,0
Kepler-1261 b,240.0,0.949,4351.0,0.566,0
Kepler-1262 b,686.0,38.366,5615.0,0.814,0
Kepler-1263 b,478.0,9.042,5615.0,0.814,0
Kepler-1264 b,1131.0,428.407,5411.0,0.808,0
Kepler-1265 b,851.0,137.068,5411.0,0.808,0
Kepler-1266 b,1367.0,850.1,5580.0,0.863,0
Kepler-1266 c,1098.0,353.0,5580.0,0.863,0
Kepler-1267 b,919.0,173.9,5580.0,0.863,0
Kepler-1268 b,539.0,20.6,5580.0,0.863,0
Kepler-1269 b,667.0,35.75,5806.0,1.032,0
Kepler-127 b,513.0,12.457,5806.0,1.032,0
Kepler-127 c,1197.0,247.301,5918.0,1.091,0
Kepler-127 d,815.0,53.148,5918.0,1.091,0
Kepler-1270 b,570.0,12.659,5918.0,1.091,0
Kepler-1271 b,607.0,27.371,5990.0,1.0,0
Kepler-1272 b,394.0,4.882,5990.0,1.0,0
Kepler-1273 b,286.0,1.58,5990.0,0.985,1
Kepler-1274 b,777.0,55.9,5378.0,0.732,0
Kepler-1275 b,715.0,34.4,5378.0,0.732,0
Kepler-1276 b,594.0,22.637,5147.0,0.743,0
Kepler-1277 b,437.0,6.596,5147.0,0.743,0
Kepler-1278 b,1589.0,401.858792,5142.0,0.755,0
Kepler-1279 b,1212.0,627.374,6002.0,1.016,0
Kepler-128 b,1035.0,332.737,6002.0,1.016,0
Kepler-128 c,1130.0,394.301,5299.0,0.826,0
Kepler-1280 b,1001.0,242.416,5299.0,0.826,0
Kepler-1281 b,808.0,103.005,5299.0,0.826,0
Kepler-1282 b,678.0,50.924,5299.0,0.826,0
Kepler-1283 b,563.0,24.325,5299.0,0.826,0
Kepler-1284 b,657.0,28.944,5804.0,0.957,0
Kepler-1285 b,466.0,7.287,5804.0,0.957,0
Kepler-1286 b,1087.0,329.801,5913.0,0.976,0
Kepler-1287 b,895.0,151.491,5913.0,0.976,0
Kepler-1288 b,741.0,287.5,5603.0,0.898,0
Kepler-1289 b,621.0,141.4,5603.0,0.898,0
Kepler-129 b,533.0,104.962,5603.0,0.898,0
Kepler-129 c,495.0,6.5,3740.0,0.48,0
Kepler-129 d,606.0,14.8,3740.0,0.48,0
Kepler-1290 b,403.0,2.9,3740.0,0.48,0
Kepler-1291 b,337.0,1.41,3740.0,0.48,1
Kepler-1292 b,274.0,0.62,3740.0,0.48,1
Kepler-1293 b,509.0,16.464,5619.0,0.915,0
Kepler-1294 b,409.0,6.86,5619.0,0.915,0
Kepler-1295 b,325.0,2.62,5618.0,0.897,1
Kepler-1296 b,540.0,24.707,4465.0,0.582,0
Kepler-1297 b,416.0,8.696,4465.0,0.582,0
Kepler-1298 b,277.0,1.715,4465.0,0.582,1
Kepler-1299 b,1258.0,622.067,5617.0,1.032,0
Kepler-130 b,946.0,198.554,5617.0,1.032,0
Kepler-130 c,729.0,69.96,5617.0,1.032,0
Kepler-130 d,534.0,20.174,5617.0,1.032,0
Kepler-1300 b,524.0,16.379,5498.0,0.95,0
Kepler-1301 b,411.0,6.217,5498.0,0.95,0
Kepler-1302 b,308.0,1.962,5498.0,0.95,1
Kepler-1303 b,812.0,265.186,5986.0,0.9,0
Kepler-1304 b,516.0,43.248,5986.0,0.9,0
Kepler-1305 b,1278.0,665.437,5815.0,0.9,0
Kepler-1306 b,989.0,238.481,5815.0,0.9,0
Kepler-1307 b,725.0,68.931,5815.0,0.9,0
Kepler-1308 b,634.0,31.247,5740.0,1.22,0
Kepler-1309 b,392.0,4.585,5740.0,1.22,0
Kepler-131 b,802.0,145.436,3944.0,0.485,0
Kepler-131 c,521.0,25.851,3944.0,0.485,0
Kepler-1310 b,875.0,139.146,4731.0,0.687,0
Kepler-1311 b,746.0,73.598,4731.0,0.687,0
Kepler-1311 c,611.0,33.16,4731.0,0.687,0
Kepler-1311 d,1137.0,397.254,4817.0,0.73,0
Kepler-1312 b,836.0,112.914,5080.0,0.8,0
Kepler-1312 c,728.0,65.1,5080.0,0.8,0
Kepler-1313 b,576.0,25.523,5090.0,0.792,0
Kepler-1314 b,1000.0,220.4,4974.0,0.827279,0
Kepler-1315 b,830.0,127.255,4954.0,0.719,0
Kepler-1315 c,716.0,70.449,4954.0,0.719,0
Kepler-1316 b,535.0,21.983,4954.0,0.719,0
Kepler-1317 b,390.0,6.185,4954.0,0.719,0
Kepler-1318 b,797.0,59.7,5367.0,0.814,0
Kepler-1319 b,739.0,44.0,5367.0,0.814,0
Kepler-132 b,833.0,108.64,5895.0,0.941,0
Kepler-132 c,714.0,58.679,5895.0,0.941,0
Kepler-132 d,531.0,99.493,4713.0,0.721,0
Kepler-132 e,204.0,2.142,4713.0,0.721,0
Kepler-1320 b,781.0,91.474,6340.0,1.22,0
Kepler-1321 b,615.0,35.254,6340.0,1.22,0
Kepler-1321 c,484.0,11.8,6340.0,1.22,0
Kepler-1321 d,665.0,45.97,5797.0,0.876,0
Kepler-1322 b,417.0,7.109,5797.0,0.876,0
Kepler-1322 c,353.0,3.664,5797.0,0.876,1
Kepler-1323 b,960.0,201.362,5905.0,1.188,0
Kepler-1324 b,744.0,72.456,5905.0,1.188,0
Kepler-1325 b,327.0,2.71,5903.0,1.156,1
Kepler-1326 b,1685.0,368.439552,6115.0,1.467,0
Kepler-1327 b,754.0,165.824,6115.0,1.467,0
Kepler-1328 b,883.0,142.4,5727.0,1.536,0
Kepler-1329 b,683.0,51.1,5727.0,1.536,0
Kepler-133 b,1195.0,488.674,5378.0,0.95,0
Kepler-133 c,890.0,149.977,5378.0,0.95,0
Kepler-1330 b,409.0,6.674,5796.0,1.037,0
Kepler-1331 b,291.0,1.722,5796.0,1.037,1
Kepler-1332 b,837.0,164.776,4204.0,0.52,0
Kepler-1333 b,577.0,37.377,4204.0,0.52,0
Kepler-1334 b,976.0,151.652,5497.0,0.941,0
Kepler-1335 b,837.0,81.761,5497.0,0.941,0
Kepler-1336 b,1039.0,333.149,5746.0,1.189,0
Kepler-1336 c,762.0,96.513,5746.0,1.189,0
Kepler-1337 b,1023.0,253.665,5526.0,0.903,0
Kepler-1338 b,876.0,136.343,5526.0,0.903,0
Kepler-1339 b,528.0,17.962,5526.0,0.903,0
Kepler-134 b,514.0,22.025,3900.0,0.53,0
Kepler-134 c,451.0,10.68,3900.0,0.53,0
Kepler-1340 b,328.0,3.631,3900.0,0.53,1
Kepler-1341 b,652.0,56.649,3900.0,0.53,0
Kepler-1342 b,1026.0,349.645,3900.0,0.53,0
Kepler-1343 b,1292.0,280.559,6435.0,1.108,0
Kepler-1344 b,1002.0,101.619,6435.0,1.108,0
Kepler-1345 b,1042.0,296.155,5740.0,1.194,0
Kepler-1346 b,752.0,80.103,5740.0,1.194,0
Kepler-1347 b,1373.0,735.179,5388.0,0.89,0
Kepler-1348 b,996.0,203.406,5388.0,0.89,0
Kepler-1349 b,1838.0,297.6506,6004.0,1.12,0
Kepler-135 b,1431.0,700.0,6004.0,1.12,0
Kepler-135 c,935.0,194.34,5194.0,0.84,0
Kepler-1350 b,410.0,7.233,5194.0,0.84,0
Kepler-1350 c,635.0,38.9,5191.0,0.826,0
Kepler-1351 b,1017.0,210.554,5752.0,1.003,0
Kepler-1352 b,721.0,53.044,5752.0,1.003,0
Kepler-1353 b,498.0,12.083,5752.0,1.003,0
Kepler-1354 b,1127.0,783.449,5105.0,0.801,0
Kepler-1355 b,889.0,303.62,5105.0,0.801,0
Kepler-1356 b,781.0,180.644,5105.0,0.801,0
Kepler-1357 b,682.0,73.056,3799.0,0.492,0
Kepler-1358 b,537.0,28.272,3799.0,0.492,0
Kepler-1359 b,387.0,7.59,3799.0,0.492,0
Kepler-136 b,602.0,57.079,6064.0,1.06,0
Kepler-136 c,475.0,22.025,6064.0,1.06,0
Kepler-1360 b,547.0,40.689,4257.0,0.523,0
Kepler-1361 b,402.0,11.869,4257.0,0.523,0
Kepler-1362 b,1336.0,744.011,5904.0,1.17042,0
Kepler-1363 b,1009.0,241.759,5904.0,1.17042,0
Kepler-1364 b,853.0,123.691,5904.0,1.0542000000000002,0
Kepler-1365 b,752.0,74.72,5904.0,1.1958,0
Kepler-1365 c,691.0,53.183,5904.0,0.7114,0
Kepler-1366 b,714.0,66.578,5117.0,0.722,0
Kepler-1367 b,573.0,27.676,5117.0,0.722,0
Kepler-1368 b,540.0,35.984,4347.0,0.492,0
Kepler-1369 b,425.0,13.888,4347.0,0.492,0
Kepler-137 b,346.0,6.065,4347.0,0.492,1
Kepler-137 c,703.0,53.712,4955.0,0.72,0
Kepler-1370 b,550.0,19.986,4955.0,0.72,0
Kepler-1370 c,427.0,7.253,4955.0,0.72,0
Kepler-1371 b,480.0,16.819,4259.0,0.534,0
Kepler-1371 c,386.0,7.049,4259.0,0.534,0
Kepler-1372 b,1090.0,300.982,5828.0,1.068,0
Kepler-1373 b,822.0,97.21,5828.0,1.068,0
Kepler-1374 b,656.0,39.475,5828.0,1.068,0
Kepler-1375 b,1290.0,721.124,5877.0,1.3054,0
Kepler-1376 b,592.0,32.035,5877.0,0.7971320000000001,0
Kepler-1377 b,1625.0,216.68154400000003,5867.0,1.304,0
Kepler-1378 b,967.0,206.91,5867.0,1.304,0
Kepler-1379 b,749.0,74.36,5867.0,1.304,0
Kepler-138 b,1458.0,238.1232,5684.0,1.761,0
Kepler-138 c,1017.0,376.21,5684.0,1.761,0
Kepler-138 d,1005.0,256.606,5923.0,1.735,0
Kepler-138 e,831.0,119.648,5923.0,1.735,0
Kepler-1380 b,680.0,53.556,5923.0,1.735,0
Kepler-1381 b,1143.0,428.524,5999.0,1.735,0
Kepler-1382 b,1023.0,159.945,5631.0,0.802,0
Kepler-1383 b,914.0,101.841,5631.0,0.802,0
Kepler-1384 b,796.0,58.651,5631.0,0.802,0
Kepler-1385 b,1092.0,274.318,6620.0,1.0358800000000001,0
Kepler-1386 b,946.0,154.653,6620.0,1.502734,0
Kepler-1387 b,1085.0,422.097,6012.0,1.024,0
Kepler-1388 b,940.0,237.43,6012.0,1.024,0
Kepler-1388 c,622.0,45.423,6012.0,1.024,0
Kepler-1388 d,539.0,25.667,6012.0,1.024,0
Kepler-1388 e,905.0,160.261,6175.0,1.472,0
Kepler-1389 b,754.0,77.29,6175.0,1.472,0
Kepler-139 b,658.0,44.828,6175.0,1.472,0
Kepler-139 c,1897.0,420.783256,6366.0,1.34,0
Kepler-139 d,1024.0,206.072,5807.0,1.433,0
Kepler-139 e,746.0,57.932,5807.0,1.433,0
Kepler-139 f,643.0,27.327,5774.0,0.976,0
Kepler-1390 b,360.0,2.673,5774.0,0.976,1
Kepler-1391 b,622.0,35.37,4504.0,0.623,0
Kepler-1392 b,575.0,25.83,4504.0,0.623,0
Kepler-1393 b,1008.0,134.357,6033.0,1.021,0
Kepler-1394 b,654.0,23.812,6033.0,1.021,0
Kepler-1395 b,908.0,180.549,6088.0,1.005,0
Kepler-1396 b,705.0,65.707,6088.0,1.005,0
Kepler-1397 b,482.0,12.75,5592.0,1.451,0
Kepler-1398 b,1196.0,438.942,6177.0,1.359,0
Kepler-1398 c,888.0,133.259,6177.0,1.359,0
Kepler-1399 b,972.0,248.274,5956.0,0.927,0
Kepler-14 b,763.0,94.491,5956.0,0.927,0
Kepler-140 b,1037.0,257.721,6186.0,1.534,0
Kepler-140 c,888.0,138.415,6492.3,1.25,0
Kepler-1400 b,782.0,83.237,6492.3,1.25,0
Kepler-1401 b,498.0,11.983,5643.0,0.854,0
Kepler-1402 b,431.0,6.712,5643.0,0.854,0
Kepler-1403 b,318.0,1.989,5225.0,0.78,1
Kepler-1404 b,694.0,50.389,5212.0,0.781,0
Kepler-1405 b,591.0,26.373,5212.0,0.781,0
Kepler-1406 b,788.0,81.3,5208.0,0.772,0
Kepler-1407 b,534.0,27.189,3903.0,0.504,0
Kepler-1408 b,472.0,16.561,3903.0,0.504,0
Kepler-1409 b,741.0,64.845,4648.0,0.674,0
Kepler-141 b,508.0,14.404,4648.0,0.674,0
Kepler-141 c,451.0,8.949,4648.0,0.674,0
Kepler-1410 b,840.0,154.803,6184.0,1.066,0
Kepler-1411 b,633.0,49.973,6184.0,1.066,0
Kepler-1412 b,1294.0,844.979,6133.0,1.335,0
Kepler-1413 b,913.0,209.368,6133.0,1.335,0
Kepler-1414 b,793.0,69.57,5036.0,0.834,0
Kepler-1415 b,576.0,19.404,5036.0,0.834,0
Kepler-1416 b,402.0,4.619,5036.0,0.834,0
Kepler-1417 b,554.0,21.805,5908.0,0.954,0
Kepler-1418 b,411.0,6.599,5908.0,0.954,0
Kepler-1419 b,671.0,23.9,6248.0,1.086,0
Kepler-142 b,512.0,8.1,6248.0,1.086,0
Kepler-142 c,464.0,5.5,6248.0,1.086,0
Kepler-142 d,978.0,247.0,5979.0,1.634,0
Kepler-1420 b,928.0,191.0,5979.0,1.634,0
Kepler-1421 b,1116.0,415.434,6053.0,1.058,0
Kepler-1422 b,860.0,146.5,6053.0,1.058,0
Kepler-1423 b,1060.0,411.905,6169.0,1.343,0
Kepler-1424 b,568.0,33.948,6169.0,1.343,0
Kepler-1425 b,838.0,207.336,5788.0,0.722,0
Kepler-1426 b,543.0,36.667,5788.0,0.722,0
Kepler-1427 b,1347.0,418.16591200000005,5593.0,1.485,0
Kepler-1428 b,1054.0,376.29,5593.0,1.485,0
Kepler-1429 b,905.0,203.761,5593.0,1.485,0
Kepler-143 b,753.0,68.71,6108.0,1.284,0
Kepler-143 c,568.0,22.234,6108.0,1.284,0
Kepler-1430 b,865.0,132.15,6012.0,1.048,0
Kepler-1431 b,729.0,66.87,6012.0,1.048,0
Kepler-1432 b,1326.0,355.80411200000003,6209.0,1.048,0
Kepler-1433 b,848.0,286.6,6209.0,1.048,0
Kepler-1434 b,401.0,5.985,4710.0,0.695,0
Kepler-1435 b,357.0,3.761,4710.0,0.695,1
Kepler-1436 b,800.0,107.58,5502.0,0.8629192,0
Kepler-1437 b,575.0,28.681,5502.0,0.5338,0
Kepler-1438 b,687.0,40.295,4549.2,0.471,0
Kepler-1439 b,391.0,4.21,4155.4,0.471,0
Kepler-144 b,718.0,44.5,5357.0,0.789,0
Kepler-144 c,615.0,23.9,5357.0,0.789,0
Kepler-1440 b,499.0,10.39,5357.0,0.789,0
Kepler-1441 b,401.0,6.4794,5288.0,0.772,0
Kepler-1442 b,1040.0,361.514,5852.0,0.9,0
Kepler-1443 b,647.0,54.197,5852.0,0.9,0
Kepler-1444 b,554.0,41.737,5666.0,0.992,0
Kepler-1445 b,443.0,17.063,5666.0,0.992,0
Kepler-1446 b,1081.0,384.627,6509.0,1.137,0
Kepler-1447 b,755.0,91.881,6509.0,1.137,0
Kepler-1448 b,660.0,53.471,6509.0,1.137,0
Kepler-1449 b,1054.0,453.872,5787.0,0.845,0
Kepler-145 b,729.0,103.756,5787.0,0.845,0
Kepler-145 c,1761.0,298.753712,5977.0,0.911,0
Kepler-1450 b,1467.0,298.753712,5977.0,0.911,0
Kepler-1451 b,1272.0,548.099,5977.0,0.911,0
Kepler-1452 b,851.0,64.444,5826.0,0.837,0
Kepler-1453 b,720.0,33.152,5826.0,0.837,0
Kepler-1454 b,1242.0,689.912,5900.0,1.175,0
Kepler-1455 b,873.0,168.29,5900.0,1.175,0
Kepler-1456 b,875.0,139.112,5949.0,1.224,0
Kepler-1457 b,677.0,49.855,5949.0,1.224,0
Kepler-1458 b,503.0,17.819,4661.0,0.671,0
Kepler-1459 b,414.0,8.166,4661.0,0.671,0
Kepler-146 b,775.0,90.346,6054.0,1.306,0
Kepler-146 c,530.0,19.793,6054.0,1.306,0
Kepler-1460 b,475.0,11.8966,5623.0,1.752,0
Kepler-1461 b,1317.0,808.093,6045.0,1.224,0
Kepler-1462 b,1056.0,333.565,6045.0,1.224,0
Kepler-1463 b,1576.0,716.085,6152.0,1.568,0
Kepler-1464 b,1180.0,225.331,6152.0,1.568,0
Kepler-1464 c,1387.0,436.7,6197.0,1.4140000000000001,0
Kepler-1465 b,1166.0,381.465,5600.0,0.945,0
Kepler-1466 b,882.0,124.743,5600.0,0.945,0
Kepler-1467 b,545.0,20.91,4710.0,0.672,0
Kepler-1468 b,406.0,6.44,4710.0,0.672,0
Kepler-1468 c,670.0,101.549,5577.0,0.882,0
Kepler-1468 d,531.0,40.099,5577.0,0.882,0
Kepler-1469 b,951.0,143.919,6326.0,1.126,0
Kepler-147 b,829.0,83.155,6326.0,1.126,0
Kepler-147 c,535.0,15.0,5829.0,1.157,0
Kepler-1470 b,651.0,43.262,5178.0,0.767,0
Kepler-1471 b,513.0,16.657,5178.0,0.767,0
Kepler-1471 c,994.0,304.081,5774.0,1.046,0
Kepler-1472 b,826.0,144.963,5774.0,1.046,0
Kepler-1473 b,830.0,112.21,4498.0,0.586,0
Kepler-1474 b,515.0,16.64,4498.0,0.586,0
Kepler-1475 b,1047.0,167.058,5376.0,0.792,0
Kepler-1476 b,636.0,22.735,5376.0,0.792,0
Kepler-1477 b,897.0,90.22,6350.0,1.4,0
Kepler-1478 b,786.0,99.972,5166.0,0.776,0
Kepler-1479 b,630.0,41.351,5166.0,0.776,0
Kepler-148 b,930.0,690.0,5038.0,0.7753,0
Kepler-148 c,662.0,179.0,5038.0,0.646574,0
Kepler-148 d,1125.0,450.654,5938.0,1.129,0
Kepler-1480 b,901.0,185.098,5938.0,1.129,0
Kepler-1481 b,1052.0,429.813,6189.0,1.382,0
Kepler-1482 b,901.0,231.213,6189.0,1.382,0
Kepler-1483 b,1035.0,164.78,6402.0,1.132,0
Kepler-1484 b,901.0,94.528,6402.0,1.132,0
Kepler-1485 b,1165.0,302.0,6398.0,1.101,0
Kepler-1486 b,576.0,17.8,4262.0,0.556,0
Kepler-1487 b,341.0,2.11,4262.0,0.556,1
Kepler-1487 c,496.0,13.731,5656.0,1.06,0
Kepler-1488 b,390.0,5.244,5656.0,1.06,0
Kepler-1488 c,539.0,20.01,5307.0,0.767,0
Kepler-1489 b,295.0,1.8,5307.0,0.767,1
Kepler-1489 c,755.0,81.287,4493.0,0.613,0
Kepler-149 b,536.0,20.556,4493.0,0.613,0
Kepler-149 c,636.0,40.831,4557.0,0.67,0
Kepler-149 d,773.0,35.63,5502.0,0.68,0
Kepler-1490 b,630.0,15.69,5502.0,0.68,0
Kepler-1491 b,486.0,5.57,5502.0,0.68,0
Kepler-1491 c,1650.0,310.403512,5857.0,1.487,0
Kepler-1492 b,1620.0,163.090896,6510.0,1.2782,0
Kepler-1493 b,939.0,183.39,5886.0,1.145,0
Kepler-1494 b,755.0,76.86,5886.0,1.145,0
Kepler-1495 b,889.0,254.25,6117.0,1.333,0
Kepler-1496 b,598.0,51.996,6117.0,1.333,0
Kepler-1497 b,380.0,8.485,6184.0,1.29,0
Kepler-1498 b,1311.0,619.844,6090.0,1.264,0
Kepler-1499 b,1140.0,353.973,6090.0,1.264,0
Kepler-15 b,1006.0,214.277,6090.0,1.264,0
Kepler-150 b,931.0,157.481,6090.0,1.264,0
Kepler-150 c,1194.0,689.457,6090.0,1.329,0
Kepler-150 d,604.0,45.154,6090.0,1.329,0
Kepler-150 e,958.0,285.295,6209.0,1.45,0
Kepler-150 f,730.0,44.534,5654.0,0.884,0
Kepler-1500 b,678.0,33.153,5654.0,0.884,0
Kepler-1501 b,785.0,55.623,5818.0,0.893,0
Kepler-1502 b,557.0,14.086,5818.0,0.893,0
Kepler-1503 b,1302.0,826.933,5538.0,1.07,0
Kepler-1504 b,1050.0,349.769,5538.0,1.07,0
Kepler-1505 b,1983.0,290.728648,5487.0,1.04,0
Kepler-1506 b,1561.0,258.612372,6104.0,1.23,0
Kepler-1507 b,438.0,6.15,5421.0,0.897,0
Kepler-1508 b,1790.0,269.865108,5750.0,1.29,0
Kepler-1509 b,866.0,159.5,6273.0,1.352,0
Kepler-151 b,1138.0,201.3,4974.0,0.82,0
Kepler-151 c,838.0,56.0,4974.0,0.82,0
Kepler-1510 b,410.0,3.9,4974.0,0.82,0
Kepler-1511 b,503.0,21.3944,4974.0,0.82,0
Kepler-1512 b,1850.0,269.865108,5750.0,1.287,0
Kepler-1513 b,1024.0,241.171,5536.0,0.946,0
Kepler-1513 c,890.0,137.086,5536.0,0.946,0
Kepler-1514 b,694.0,69.834,4362.0,0.643,0
Kepler-1514 c,543.0,26.237,4362.0,0.643,0
Kepler-1515 b,986.0,224.089,5718.0,1.075,0
Kepler-1516 b,791.0,93.072,5718.0,1.075,0
Kepler-1517 b,1253.0,583.25,5670.0,1.022,0
Kepler-1518 b,671.0,43.624,5177.0,0.806,0
Kepler-1518 c,616.0,30.968,5177.0,0.806,0
Kepler-1519 b,434.0,8.877,5820.0,1.09,0
Kepler-152 b,835.0,107.6,5822.0,1.081,0
Kepler-152 c,613.0,37.416,6430.0,1.74,0
Kepler-1520 b,519.0,22.388,4668.2,0.17,0
Kepler-1521 b,720.0,82.125,5217.0,0.17,0
Kepler-1522 b,450.0,12.538,3970.8,0.17,0
Kepler-1523 b,185.0,0.2,5308.0,0.757,0
Kepler-1524 b,1028.0,264.983,5972.0,1.24,0
Kepler-1525 b,1605.0,649.148,5560.0,0.95,0
Kepler-1526 b,1116.0,470.754,5460.0,0.94,0
Kepler-1527 b,1070.0,229.036,5170.0,0.86,0
Kepler-1528 b,1300.0,410.723,5725.0,0.92,0
Kepler-1529 b,1100.0,208.721,5800.0,1.35,0
Kepler-153 b,1070.0,195.088,5150.0,0.8,0
Kepler-153 c,1620.0,420.783256,6041.0,1.42,0
Kepler-1530 b,667.0,40.844,5884.0,1.485,0
Kepler-1530 c,458.0,9.096,5884.0,1.485,0
Kepler-1530 d,1032.0,577.545,6004.0,1.092,0
Kepler-1531 b,951.0,415.545,6004.0,1.092,0
Kepler-1532 b,856.0,272.838,6004.0,1.092,0
Kepler-1533 b,812.0,97.846,4995.0,0.6181548,0
Kepler-1534 b,1776.0,575.11336,6360.0,1.34534,0
Kepler-1535 b,1000.0,158.285,5977.0,1.38,0
Kepler-1536 b,1729.0,677.917,6161.0,1.3800000000000001,0
Kepler-1537 b,322.0,1.69,4651.0,0.697,1
Kepler-1538 b,503.0,14.52,4685.0,0.71,0
Kepler-1539 b,308.0,2.15,4551.0,0.68,1
Kepler-154 b,288.0,1.4,3748.0,0.52,1
Kepler-154 c,291.0,1.83,5431.0,0.866,1
Kepler-154 d,1544.0,393.181464,5800.0,1.35,0
Kepler-154 e,229.0,1.2,4134.0,0.559,0
Kepler-154 f,189.0,0.21,4340.0,0.55,0
Kepler-1540 b,241.0,0.66,4402.0,0.598,0
Kepler-1541 b,233.0,0.86,4723.0,0.706,0
Kepler-1542 b,938.0,225.735,5046.0,0.752,0
Kepler-1542 c,868.0,165.73,5046.0,0.752,0
Kepler-1542 d,783.0,109.638,5046.0,0.752,0
Kepler-1542 e,727.0,81.344,5046.0,0.752,0
Kepler-1543 b,673.0,59.915,5046.0,0.752,0
Kepler-1544 b,401.0,17.657,4330.0,0.21,0
Kepler-1545 b,341.0,9.177,4795.897999999999,0.21,1
Kepler-1546 b,305.0,4.314,4178.2,0.21,1
Kepler-1547 b,648.0,16.213,4013.6,0.24,0
Kepler-1548 b,520.0,6.705,4063.8,0.24,0
Kepler-1549 b,436.0,3.307,3843.6,0.24,0
Kepler-155 b,882.0,119.039,5493.0,1.05,0
Kepler-155 c,917.0,167.41,5649.18,1.467,0
Kepler-1550 b,661.0,45.09,5649.18,1.467,0
Kepler-1551 b,1000.0,68.37,3820.0,0.55,0
Kepler-1552 b,769.0,94.325,6197.21,1.64162,0
Kepler-1553 b,944.0,213.731,6197.21,1.64162,0
Kepler-1554 b,1199.0,557.205,6197.21,1.64162,0
Kepler-1555 b,265.0,1.1,5757.0,1.11,0
Kepler-1556 b,916.0,117.7,5687.0,1.066,0
Kepler-1557 b,1008.0,244.47,6474.0,1.242,0
Kepler-1558 b,798.0,279.787,6117.21,1.4726,0
Kepler-1559 b,543.0,10.9,5155.0,0.938,0
Kepler-156 b,455.0,12.19874,5155.0,0.938,0
Kepler-156 c,845.0,92.346,5309.0,0.79,0
Kepler-1560 b,389.0,7.4,6146.0,1.26,0
Kepler-1561 b,886.0,254.906,5634.0,0.91,0
Kepler-1562 b,611.0,31.269,6422.719999999999,1.57,0
Kepler-1563 b,453.0,9.97,6422.719999999999,1.57,0
Kepler-1564 b,880.0,166.039,5661.0,0.9,0
Kepler-1565 b,1163.0,495.005,5933.0,1.59,0
Kepler-1566 b,996.0,227.82,6310.0,1.29,0
Kepler-1567 b,503.0,12.5,5927.0,1.05,0
Kepler-1568 b,1206.0,410.4,5927.0,1.05,0
Kepler-1569 b,712.0,72.749,5809.0,1.37,0
Kepler-157 b,484.0,11.241,5498.0,0.87,0
Kepler-157 c,1308.0,328.57097999999996,6733.0,1.8,0
Kepler-157 d,876.0,139.236,4996.0,0.78,0
Kepler-1570 b,879.0,243.376,5816.0,1.34,0
Kepler-1571 b,1115.0,671.064,5785.0,1.08,0
Kepler-1572 b,980.0,215.462,5009.0,0.79,0
Kepler-1573 b,807.0,100.09,5837.0,1.09,0
Kepler-1574 b,649.0,38.71,5240.0,0.79,0
Kepler-1575 b,640.0,39.56,5210.0,0.8,0
Kepler-1576 b,649.0,37.753,5247.0,0.81,0
Kepler-1577 b,932.0,173.12,5194.0,0.89,0
Kepler-1578 b,736.0,67.593,5194.0,0.89,0
Kepler-1579 b,448.0,9.292,5194.0,0.89,0
Kepler-158 b,1312.0,764.078,6322.0,1.34,0
Kepler-158 c,899.0,183.842,5802.0,1.09,0
Kepler-158 d,352.0,4.436,4871.0,0.72,1
Kepler-1580 b,755.0,61.495,6346.0,1.47,0
Kepler-1581 b,766.0,90.629,5668.0,0.87,0
Kepler-1582 b,1243.0,622.014,5958.0,1.09,0
Kepler-1583 b,662.0,51.492,5444.0,0.88,0
Kepler-1584 b,487.0,15.038,5444.0,0.88,0
Kepler-1585 b,1226.0,550.8,5422.0,0.887,0
Kepler-1586 b,538.0,20.618,5014.0,0.76,0
Kepler-1587 b,509.0,21.481,4095.6,0.618,0
Kepler-1588 b,443.0,12.341,4095.6,0.618,0
Kepler-1589 b,717.0,64.39,4252.0,0.559,0
Kepler-159 b,371.0,6.063,4252.0,0.559,1
Kepler-159 c,1597.0,361.730776,6045.0,1.12,0
Kepler-1590 b,1111.0,312.514,5582.0,1.03,0
Kepler-1591 b,1438.0,310.403512,6457.0,1.54,0
Kepler-1592 b,1200.0,310.021,5346.0,0.83,0
Kepler-1593 b,1000.0,108.13,5392.0,1.087,0
Kepler-1594 b,747.0,62.926,5293.0,0.82,0
Kepler-1595 b,1210.0,229.07201600000002,5834.0,1.11,0
Kepler-1596 b,931.0,202.775,5744.0,0.96,0
Kepler-1597 b,844.0,148.456,5312.0,0.83,0
Kepler-1598 b,1750.0,328.57097999999996,6297.0,1.793,0
Kepler-1599 b,1196.0,494.705,6225.0,1.58,0
Kepler-16 b,1125.0,388.444,6225.0,1.58,0
Kepler-160 b,909.0,193.68,5813.0,1.03,0
Kepler-160 c,1125.0,324.856,5904.0,1.04,0
Kepler-160 d,1304.0,683.84,5794.0,1.216,0
Kepler-1600 b,1217.0,859.509,6125.0,1.22,0
Kepler-1600 c,374.0,5.991,4095.6,0.33,0
Kepler-1601 b,314.0,3.641,3931.0,0.53,1
Kepler-1602 b,1080.0,330.547,6236.0,1.19,0
Kepler-1603 b,1407.0,877.327,6113.0,1.32,0
Kepler-1604 b,710.0,60.372,6025.0,1.25,0
Kepler-1605 b,584.0,28.481,6060.0,1.2,0
Kepler-1606 b,543.0,10.119,6018.0,0.94,0
Kepler-1607 b,439.0,4.331,6018.0,0.94,0
Kepler-1608 b,381.0,2.466,6018.0,0.94,0
Kepler-1609 b,797.0,114.389,5746.0,1.41,0
Kepler-161 b,332.0,4.208,5770.0,1.2,1
Kepler-161 c,742.0,101.6,5866.0,1.417,0
Kepler-1610 b,652.0,32.329,5997.0,1.3,0
Kepler-1610 c,623.0,36.527,5849.0,1.06,0
Kepler-1611 b,1248.0,506.412,6106.0,1.44,0
Kepler-1612 b,564.0,47.97,5293.0,0.83,0
Kepler-1613 b,1095.0,174.58,7099.0,0.734228,0
Kepler-1614 b,467.0,10.555,5690.0,0.98,0
Kepler-1615 b,839.0,133.317,5842.0,0.88,0
Kepler-1616 b,532.0,19.87,5260.0,0.8,0
Kepler-1617 b,553.0,22.72,4075.0,0.52,0
Kepler-1618 b,433.0,8.55,4075.0,0.52,0
Kepler-1619 b,332.0,2.945,4263.0,0.556,1
Kepler-162 b,711.0,59.77,6112.0,1.09,0
Kepler-162 c,1107.0,351.69,6112.0,1.09,0
Kepler-1620 b,803.0,160.612,6406.0,1.46,0
Kepler-1621 b,761.0,63.855,6392.0,0.8632,0
Kepler-1622 b,884.0,149.135,5515.0,0.86,0
Kepler-1623 b,974.0,434.237,6014.0,1.1,0
Kepler-1624 b,1574.0,343.623736,6014.0,1.1,0
Kepler-1625 b,832.0,176.232,5573.0,1.15,0
Kepler-1626 b,1099.0,584.354,5894.0,1.14,0
Kepler-1627 b,1157.0,147.046,6388.0,1.45,0
Kepler-1628 b,708.0,68.971,5807.0,1.06,0
Kepler-1629 b,1662.0,233.79933599999998,6087.0,1.14,0
Kepler-163 b,891.0,149.42,6087.0,1.14,0
Kepler-163 c,633.0,37.92,6078.0,1.189,0
Kepler-1630 b,701.0,60.997,5858.0,0.89,0
Kepler-1631 b,550.0,23.176,5858.0,0.89,0
Kepler-1632 b,870.0,144.852,6085.0,0.958,0
Kepler-1633 b,488.0,14.238,5697.0,0.89,0
Kepler-1634 b,453.0,10.007,4893.0,0.75,0
Kepler-1635 b,620.0,34.089,5192.0,0.79,0
Kepler-1636 b,423.0,8.769,4758.0,0.72,0
Kepler-1637 b,721.0,63.95,5884.0,0.98,0
Kepler-1638 b,933.0,178.68,5936.0,0.965,0
Kepler-1639 b,1247.0,601.891,6123.0,1.27,0
Kepler-164 b,1877.0,892.812,5524.0,0.89,0
Kepler-164 c,1181.0,442.522,5763.0,0.99,0
Kepler-164 d,417.0,5.07,5534.0,0.8717,0
Kepler-164 e,387.6,3.681,5820.0,0.952,0
Kepler-1640 b,253.0,1.3202000000000005,5820.0,0.952,0
Kepler-1641 b,453.0,12.357,3705.0,0.5,0
Kepler-1641 c,395.0,3.07,3705.0,0.5,0
Kepler-1642 b,328.0,3.425,4252.0,0.554,1
Kepler-1642 c,355.0,4.525,5946.0,1.08,1
Kepler-1643 b,1673.0,141.1746,6166.0,1.2776,0
Kepler-1644 b,698.0,61.573,5526.0,0.9,0
Kepler-1645 b,521.0,23.081,4671.0,0.67,0
Kepler-1646 b,748.0,126.031,6206.0,1.22,0
Kepler-1647 b,806.0,101.143,5882.0,1.07,0
Kepler-1649 b,1258.0,690.13,5967.0,1.15,0
Kepler-1649 c,768.0,87.713,4828.0,0.73,0
Kepler-165 b,1017.0,237.035,5535.0,0.9,0
Kepler-165 c,487.0,9.549,5360.0,0.84,0
Kepler-1650 b,349.0,2.51,5360.0,0.84,1
Kepler-1651 b,586.0,27.93,5312.0,0.986,0
Kepler-1652 b,400.0,6.642,4362.0,0.58,0
Kepler-1653 b,349.0,3.84,4362.0,0.58,1
Kepler-1654 b,931.0,195.005,4503.0,0.619,0
Kepler-1655 b,728.0,73.157,4503.0,0.619,0
Kepler-1656 b,559.0,25.438,4503.0,0.619,0
Kepler-1656 c,760.0,77.258,5322.0,0.83,0
Kepler-166 b,483.0,14.386,4286.0,0.63,0
Kepler-166 c,1103.0,358.994,5863.0,1.04,0
Kepler-166 d,1089.0,235.0,5191.0,0.902,0
Kepler-1660 AB b,251.0,0.589,5191.0,0.902,0
Kepler-1661 b,1346.0,877.945,5447.0,0.92,0
Kepler-1663 b,664.0,129.374,5894.0,1.04,0
Kepler-1664 b,766.0,81.641,5740.0,0.98,0
Kepler-1665 b,1281.0,238.161052,6068.0,1.16,0
Kepler-1666 b,498.0,15.227,5242.0,0.81,0
Kepler-1666 c,706.0,42.543,5630.0,0.95,0
Kepler-1667 b,1378.0,819.245,4840.0,0.921232,0
Kepler-1668 b,1087.0,317.206,4840.0,0.653891,0
Kepler-1669 b,298.0,2.46,4376.4,0.33,1
Kepler-1669 c,446.0,7.565,5646.0,0.94,0
Kepler-1669 d,989.0,183.166,5646.0,0.94,0
Kepler-167 b,658.0,67.435,5575.0,0.9,0
Kepler-167 c,546.0,18.738,5066.0,0.77,0
Kepler-167 d,1129.0,389.404,5626.0,0.92,0
Kepler-167 e,1063.0,301.46,5735.0,0.95,0
Kepler-1670 b,526.0,16.879,5132.0,0.79,0
Kepler-1671 b,611.0,26.137,5148.0,0.79,0
Kepler-1672 b,429.0,8.37,3768.0,0.53,0
Kepler-1673 b,526.0,19.314,5616.0,0.93,0
Kepler-1674 b,850.0,124.349,5187.9,0.826,0
Kepler-1675 b,671.0,48.574,5187.9,0.826,0
Kepler-1676 b,1009.0,214.04,5496.0,0.9,0
Kepler-1677 b,978.0,219.036,5527.0,0.9,0
Kepler-1678 b,553.0,26.889,5212.0,0.79,0
Kepler-1679 b,646.0,46.44,5746.0,1.02,0
Kepler-168 b,858.0,120.47,5612.0,0.91,0
Kepler-168 c,803.0,141.987,5710.0,0.95,0
Kepler-1680 b,541.0,16.817,5672.0,0.97,0
Kepler-1681 b,314.0,5.688,4984.0,0.73,1
Kepler-1682 b,1774.0,496.898,5334.0,0.83,0
Kepler-1683 b,730.0,60.609,5636.0,0.96,0
Kepler-1684 b,920.0,112.992,5843.0,1.03,0
Kepler-1685 b,799.0,64.389,5843.0,1.03,0
Kepler-1686 b,583.0,18.244,6099.0,1.127,0
Kepler-1687 b,1212.0,511.6,6100.0,1.083,0
Kepler-1688 b,558.0,24.063,4298.0,0.64,0
Kepler-1689 b,521.0,12.39,5772.0,1.0,0
Kepler-169 b,603.0,25.056,5564.0,0.91,0
Kepler-169 c,1017.0,178.699,5523.0,0.91,0
Kepler-169 d,664.0,76.339,6195.0,1.24,0
Kepler-169 e,1178.0,489.149,5593.0,0.93,0
Kepler-169 f,1365.0,705.051,5575.0,0.92,0
Kepler-1690 b,764.0,70.965,5549.0,0.89,0
Kepler-1691 b,1176.0,718.075,5835.0,1.0,0
Kepler-1692 b,656.0,32.142,5296.0,0.83,0
Kepler-1693 b,1098.0,344.61,5372.0,0.916,0
Kepler-1693 c,864.0,187.51,6074.0,0.94,0
Kepler-1694 b,752.0,107.741,6074.0,0.94,0
Kepler-1695 b,1056.0,782.415,6000.0,1.15,0
Kepler-1696 b,436.0,5.615,5677.0,0.94,0
Kepler-1697 b,1367.0,935.827,5913.0,1.04,0
Kepler-1698 b,706.0,61.02,5967.0,1.1,0
Kepler-1699 b,678.0,59.396,5485.0,0.87,0
Kepler-17 b,535.0,17.382,5138.5,0.821,0
Kepler-170 b,679.0,50.23,5138.5,0.821,0
Kepler-170 c,725.0,82.302,6267.0,1.32,0
Kepler-1700 b,743.0,76.375,5683.0,0.95,0
Kepler-1701 b,1050.0,265.407,5307.0,0.86,0
Kepler-1702 b,367.0,3.7,5245.0,0.900316,1
Kepler-1704 b,623.0,24.467,5127.0,0.79,0
Kepler-1705 b,1460.0,792.218,5647.0,1.391,0
Kepler-1705 c,1102.0,318.0,5905.0,1.257,0
Kepler-1708 b,1023.0,236.0,5905.0,1.257,0
Kepler-1709 b,929.0,161.0,5905.0,1.257,0
Kepler-171 b,528.0,20.182,5279.0,0.81,0
Kepler-171 c,833.0,110.619,5160.0,0.79,0
Kepler-171 d,852.0,128.783,6062.0,1.13,0
Kepler-1710 b,731.0,97.8,5808.0,1.01,0
Kepler-1711 b,401.0,8.8,5808.0,1.01,0
Kepler-1712 b,1098.0,497.4,5808.0,1.01,0
Kepler-1713 b,637.0,46.982,5890.0,1.03,0
Kepler-1714 b,1133.0,316.718,5462.0,0.88,0
Kepler-1715 b,1278.0,513.03,5462.0,0.88,0
Kepler-1716 b,683.0,71.843,6161.0,1.22,0
Kepler-1717 b,1874.0,343.23100800000003,5196.0,0.8,0
Kepler-1718 b,473.0,8.8,5244.0,0.888,0
Kepler-1719 b,1069.0,270.162,5820.0,1.01,0
Kepler-172 b,932.0,258.059,5971.0,1.14,0
Kepler-172 c,273.0,1.69,4017.0,0.62,1
Kepler-172 d,888.0,139.072,5943.0,1.13,0
Kepler-172 e,318.0,2.297,5943.0,1.13,1
Kepler-1720 b,1513.0,260.945048,5761.0,1.01,0
Kepler-1721 b,1046.0,141.82443199999997,5693.0,0.96,0
Kepler-1722 b,713.0,66.269,5723.0,0.96,0
Kepler-1723 b,641.0,37.2,5268.0,0.81,0
Kepler-1724 b,620.0,19.18,4655.0,0.69,0
Kepler-1725 b,860.0,129.18,5753.0,0.97,0
Kepler-1726 b,413.0,6.86,5753.0,0.97,0
Kepler-1727 b,499.0,14.69,6004.0,0.977,0
Kepler-1728 b,750.0,100.295,3712.0,0.48,0
Kepler-1729 b,1296.0,677.569,5860.0,1.08,0
Kepler-173 b,1073.0,224.146,5980.0,1.11,0
Kepler-173 c,1767.0,271.595416,5980.0,1.11,0
Kepler-1730 b,830.0,112.07,6122.0,0.964,0
Kepler-1731 b,750.0,80.326,4925.0,0.64,0
Kepler-1732 b,578.0,28.489,4925.0,0.64,0
Kepler-1733 b,510.0,17.21,4925.0,0.64,0
Kepler-1734 b,270.0,1.352,4925.0,0.64,0
Kepler-1735 b,208.0,0.5,4925.0,0.64,0
Kepler-1736 b,849.0,219.051,6155.0,1.22,0
Kepler-1737 b,737.0,69.56,4521.0,0.68,0
Kepler-1738 b,446.0,12.486,4201.0,0.61,0
Kepler-1739 b,825.0,77.098,5443.0,0.86,0
Kepler-174 b,852.0,130.757,6117.0,1.18,0
Kepler-174 c,852.0,407.833,5789.0,0.96,0
Kepler-174 d,1048.0,932.132,5789.0,0.96,0
Kepler-1740 b,784.0,69.795,5813.0,1.05,0
Kepler-1741 b,685.0,39.303,6424.0,1.49,0
Kepler-1742 b,816.0,103.147,5444.0,0.84,0
Kepler-1743 b,791.0,100.371,5576.0,0.901,0
Kepler-1744 b,343.0,5.568,5829.0,1.04,1
Kepler-1745 b,828.0,94.137,6185.0,1.33,0
Kepler-1746 b,500.0,14.72,5322.0,0.84,0
Kepler-1747 b,1021.0,454.5,5899.0,1.15,0
Kepler-1748 b,725.0,115.4,5877.0,1.265,0
Kepler-1749 b,1309.0,808.844,6075.0,1.24,0
Kepler-175 b,802.0,193.927,6174.0,1.51,0
Kepler-175 c,614.0,67.509,5203.0,0.8,0
Kepler-1750 b,1002.0,63.805,6096.0,1.0612,0
Kepler-1751 b,1111.0,872.567,5382.0,0.93,0
Kepler-1752 b,957.0,295.826,5896.0,1.29,0
Kepler-1753 b,609.0,35.062,5653.0,0.94,0
Kepler-1754 b,926.0,311.788,5713.0,1.13,0
Kepler-1755 b,1810.0,719.373,6570.0,1.66,0
Kepler-1756 b,963.0,211.711,4908.0,0.5056,0
Kepler-1757 b,1655.0,328.57097999999996,6747.0,1.81,0
Kepler-1758 b,1730.0,169.829184,6170.0,1.21,0
Kepler-1759 b,632.0,38.229,5634.0,0.91,0
Kepler-176 b,788.0,162.794,6020.0,1.07,0
Kepler-176 c,644.0,69.0,5906.74,1.54571,0
Kepler-176 d,674.0,47.336,5741.0,0.98,0
Kepler-176 e,564.0,25.147,5871.0,0.94,0
Kepler-1760 b,1740.0,349.74894,6211.0,1.41,0
Kepler-1761 b,1246.0,609.992,6211.0,1.41,0
Kepler-1762 b,1117.0,394.549,6211.0,1.41,0
Kepler-1763 b,1507.0,420.783256,5849.0,1.35,0
Kepler-1764 b,574.0,27.223,5522.0,0.87,0
Kepler-1765 b,974.0,211.884,5490.0,0.88,0
Kepler-1766 b,819.0,90.384,5665.0,1.19,0
Kepler-1767 b,2078.0,309.84473599999995,5665.0,1.19,0
Kepler-1768 b,831.0,229.311,5865.0,1.11,0
Kepler-1769 b,588.0,28.767,6170.0,1.24,0
Kepler-177 b,1569.0,924.374,5281.0,0.82,0
Kepler-177 c,975.0,213.25,5550.0,0.954,0
Kepler-1770 b,616.0,62.2,5808.0,1.01,0
Kepler-1771 b,871.0,223.745,4103.0,0.6,0
Kepler-1772 b,513.0,21.309,4870.0,0.74,0
Kepler-1773 b,699.0,62.845,5962.0,0.966,0
Kepler-1774 b,649.0,44.09,4779.0,0.71,0
Kepler-1775 b,678.0,45.528,4483.0,0.67,0
Kepler-1776 b,530.0,23.824,4897.0,0.74,0
Kepler-1777 b,917.0,167.979,5264.0,0.82,0
Kepler-1778 b,1406.0,652.435,5754.0,1.02,0
Kepler-1779 b,593.0,20.719,4913.0,0.74,0
Kepler-178 b,1133.0,575.644,5887.0,1.05,0
Kepler-178 c,516.0,71.817,5327.0,0.87,0
Kepler-178 d,790.0,77.619,5352.0,0.82,0
Kepler-1780 b,1243.0,826.765,6038.0,1.2,0
Kepler-1781 b,602.0,30.6,5331.0,0.778,0
Kepler-1782 b,1219.0,528.223,5709.0,0.99,0
Kepler-1783 b,1012.0,331.438,5624.0,0.95,0
Kepler-1784 b,529.0,16.36,5627.0,0.92,0
Kepler-1785 b,1023.0,253.456,5355.0,0.84,0
Kepler-1786 b,822.0,146.511,4192.0,0.57,0
Kepler-1787 b,1070.0,308.547,4945.0,0.75,0
Kepler-1788 b,396.0,8.241,3701.0,0.49,0
Kepler-1789 b,1015.0,683.274,5723.0,0.99,0
Kepler-179 b,833.0,113.64,5520.0,0.91,0
Kepler-179 c,677.0,56.002,5403.0,0.84,0
Kepler-1790 b,1275.0,441.0,5847.0,1.2564,0
Kepler-1791 b,1052.0,204.0,5847.0,1.2564,0
Kepler-1792 b,1147.0,706.62,5890.0,1.11,0
Kepler-1793 b,489.0,14.151,5021.0,0.76,0
Kepler-1794 b,753.0,306.102,5559.0,0.89,0
Kepler-1795 b,1332.0,702.281,5703.0,0.95,0
Kepler-1796 b,812.0,102.87,5493.0,0.86,0
Kepler-1797 b,1579.0,258.926656,5963.0,1.16,0
Kepler-1798 b,1539.0,178.404944,5649.0,0.92,0
Kepler-1799 b,518.0,15.648,4841.0,0.73,0
Kepler-18 b,1005.0,458.912,5715.0,0.96,0
Kepler-18 c,536.0,35.337,5518.0,0.88,0
Kepler-18 d,779.0,123.517,5638.0,0.93,0
Kepler-180 b,299.0,2.687,5638.0,0.93,1
Kepler-180 c,964.0,225.701,5913.0,1.16,0
Kepler-1800 b,460.0,12.995,3715.0,0.5,0
Kepler-1801 b,639.0,28.504,5440.0,0.86,0
Kepler-1801 c,600.0,31.641,4881.0,0.72,0
Kepler-1802 b,914.0,206.438,5700.0,0.95,0
Kepler-1802 c,1021.0,499.064,5181.0,0.8,0
Kepler-1804 b,1234.0,607.525,5903.0,1.08,0
Kepler-1805 b,1151.0,472.236,5513.0,0.88,0
Kepler-1806 b,727.0,172.557,5612.0,0.91,0
Kepler-1807 b,1630.0,353.492,5933.0,1.1924,0
Kepler-1808 b,452.0,12.071,5692.0,0.96,0
Kepler-1809 b,777.0,75.623,5343.0,0.84,0
Kepler-181 b,713.0,88.906,5419.0,0.86,0
Kepler-181 c,1038.0,373.108,6185.0,1.27,0
Kepler-1810 b,1121.0,514.124,5616.0,0.96,0
Kepler-1811 b,265.0,0.729,3722.0,0.51,0
Kepler-1812 b,1160.0,336.673,5099.0,0.76,0
Kepler-1813 b,1221.0,684.765,5692.0,0.96,0
Kepler-1814 b,613.0,28.216,5071.0,0.77,0
Kepler-1814 c,1174.0,710.872,5611.0,0.91,0
Kepler-1815 b,487.0,15.569,5222.0,0.8,0
Kepler-1816 b,521.0,15.801,5148.0,0.78,0
Kepler-1817 b,236.0,0.662,5148.0,0.78,0
Kepler-1818 b,905.0,228.283,5785.0,0.99,0
Kepler-1819 b,986.0,484.006,5995.0,1.12,0
Kepler-182 b,876.0,181.408,5871.0,1.04,0
Kepler-182 c,720.0,42.493,5099.0,0.78,0
Kepler-1820 b,992.0,151.8,5012.0,0.742183,0
Kepler-1821 b,1139.0,398.0,5485.0,0.85,0
Kepler-1822 b,1497.0,324.702676,6191.0,1.3,0
Kepler-1823 b,998.0,234.28,5777.0,0.98,0
Kepler-1824 b,1162.0,384.561,5618.0,0.92,0
Kepler-1825 b,850.0,138.751,5075.0,0.78,0
Kepler-1826 b,1182.0,414.601,5863.0,1.05,0
Kepler-1827 b,401.0,5.48,5863.0,1.05,0
Kepler-1828 b,1016.0,251.48,5539.0,0.89,0
Kepler-1829 b,1155.0,339.401,5437.0,0.86,0
Kepler-183 b,514.0,12.1,5395.0,0.88,0
Kepler-183 c,268.0,1.4,5395.0,0.88,0
Kepler-1830 b,543.0,25.296,5452.0,0.85,0
Kepler-1831 b,964.0,176.685,5441.0,0.86,0
Kepler-1832 b,982.0,484.51,5660.0,0.93,0
Kepler-1833 b,1273.0,366.5490080000001,5633.0,0.91,0
Kepler-1834 b,1219.0,418.797,5620.0,1.411,0
Kepler-1834 c,1607.0,903.77,5620.0,1.411,0
Kepler-1835 b,1212.0,456.703,5849.0,1.06,0
Kepler-1836 b,407.0,8.559,3631.0,0.46,0
Kepler-1837 b,893.0,199.846,3631.0,0.46,0
Kepler-1838 b,595.0,24.507,5418.0,0.86,0
Kepler-1839 b,784.0,89.25,5326.0,0.78,0
Kepler-184 b,657.0,32.679,5107.0,0.8,0
Kepler-184 c,996.0,233.031,5217.0,0.81,0
Kepler-184 d,298.0,2.297,3813.0,0.48,1
Kepler-1840 b,530.0,27.644,5327.0,0.82,0
Kepler-1841 b,775.0,115.963,5601.0,0.9,0
Kepler-1842 b,1078.0,337.682,6000.0,1.12,0
Kepler-1843 b,1131.0,432.866,5438.0,0.87,0
Kepler-1844 b,1051.0,461.993,6129.0,1.24,0
Kepler-1845 b,690.0,38.101,4642.0,0.71,0
Kepler-1846 b,1101.0,397.252,5486.0,0.85,0
Kepler-1847 b,750.0,62.955,5594.0,0.93,0
Kepler-1848 b,931.0,286.026,5849.0,1.04,0
Kepler-1849 b,1156.0,421.61,5418.0,0.93,0
Kepler-185 b,456.0,10.19,5096.0,0.78,0
Kepler-185 c,938.0,439.778,5934.0,1.1,0
Kepler-1850 b,454.0,24.631,5009.0,0.75,0
Kepler-1851 b,767.0,106.484,5200.0,0.89,0
Kepler-1852 b,1163.0,255.74,6160.0,1.23,0
Kepler-1853 b,1537.0,778.592,6160.0,1.23,0
Kepler-1854 b,679.0,39.01,5387.0,0.84,0
Kepler-1855 b,632.0,45.278,5373.0,0.83,0
Kepler-1856 b,641.0,41.674,4346.0,0.65,0
Kepler-1857 b,758.0,216.473,5935.0,1.08,0
Kepler-1858 b,1331.0,889.888,5043.0,0.77,0
Kepler-1859 b,1016.0,302.574,5043.0,0.77,0
Kepler-1859 c,1741.0,113.48068,5282.0,0.79,0
Kepler-186 b,1734.0,343.62373600000006,6014.0,1.13,0
Kepler-186 c,1005.0,349.193,6228.0,1.42,0
Kepler-186 d,1372.0,271.88984,6228.0,1.42,0
Kepler-186 e,843.0,173.171,6228.0,1.42,0
Kepler-186 f,1144.0,588.402,6228.0,1.42,0
Kepler-1860 b,533.0,19.02,5860.0,1.04,0
Kepler-1861 b,2140.0,420.783256,6409.0,1.32,0
Kepler-1862 b,748.0,84.406,5322.0,0.85,0
Kepler-1863 b,1139.0,453.648,5322.0,0.85,0
Kepler-1864 b,767.0,95.447,5706.0,0.93,0
Kepler-1865 b,1302.0,294.086056,5944.0,1.08,0
Kepler-1866 b,1414.0,105.695704,5166.0,0.8,0
Kepler-1867 b,938.0,182.9,4999.0,0.843,0
Kepler-1868 b,804.0,98.81,4999.0,0.843,0
Kepler-1869 b,875.0,160.457,5557.0,0.89,0
Kepler-1869 c,641.0,48.947,5901.0,1.06,0
Kepler-187 b,990.0,227.15,5992.0,1.15,0
Kepler-187 c,366.0,9.365,5694.0,0.94,1
Kepler-1870 b,618.0,40.589,5108.0,0.78,0
Kepler-1871 b,1037.0,241.128,6186.0,1.28,0
Kepler-1872 b,803.0,86.761,6186.0,1.28,0
Kepler-1873 b,1440.0,432.871,5520.0,0.99,0
Kepler-1874 b,1171.0,27.736,5598.0,0.92,0
Kepler-1875 b,2740.0,833.588,5598.0,0.92,0
Kepler-1876 b,1941.0,209.752,5598.0,0.92,0
Kepler-1877 b,890.0,339.296,5906.0,1.05,0
Kepler-1878 b,866.0,264.576,5714.0,1.11,0
Kepler-1879 b,1160.0,490.707,5850.0,1.01,0
Kepler-188 b,1422.0,451.177,6403.0,1.4662000000000002,0
Kepler-188 c,1612.0,349.43764,5468.0,0.84,0
Kepler-1880 b,904.0,135.082,5071.0,0.78,0
Kepler-1881 b,569.0,33.953,4043.0,0.56,0
Kepler-1882 b,977.0,216.568,5102.0,0.77,0
Kepler-1883 b,425.0,15.028,3804.0,0.44,0
Kepler-1884 b,2223.0,373.723648,5058.0,0.7475,0
Kepler-1885 b,2099.0,182.06468,5769.0,1.02,0
Kepler-1886 b,629.0,44.397,5162.0,0.78,0
Kepler-1887 b,350.0,3.987,5867.0,1.01,1
Kepler-1888 b,991.0,229.104,5521.0,0.89,0
Kepler-1889 b,840.0,113.3,5411.49,0.872088,0
Kepler-189 b,688.0,194.385,5674.0,1.32,0
Kepler-189 c,844.0,119.87,5676.0,1.487,0
Kepler-1890 b,753.0,163.862,4739.0,0.71,0
Kepler-1891 b,348.0,3.658,4838.0,0.74,1
Kepler-1892 b,1115.0,493.553,4248.0,0.62,0
Kepler-1893 b,984.0,357.191,6159.0,1.23,0
Kepler-1894 b,1419.0,312.34,5870.0,1.02,0
Kepler-1894 c,929.0,205.404,6174.0,1.302,0
Kepler-1895 b,734.0,79.765,6174.0,1.302,0
Kepler-1896 b,592.0,33.874,6174.0,1.302,0
Kepler-1897 b,511.0,18.78,6174.0,1.302,0
Kepler-1898 b,634.0,38.274,5208.0,0.8,0
Kepler-1899 b,939.0,140.057,6383.0,1.47,0
Kepler-19 b,852.0,176.032,5971.0,1.12,0
Kepler-19 c,1177.0,617.407,5745.0,0.97,0
Kepler-19 d,952.0,299.97,5839.0,1.38,0
Kepler-190 b,580.0,28.9,5631.0,0.96,0
Kepler-190 c,1109.0,397.068836,5475.0,1.09,0
Kepler-1900 b,605.0,90.1,5680.0,0.95,0
Kepler-1901 b,864.0,141.888,6224.0,1.29,0
Kepler-1902 b,433.0,6.356,5681.0,0.93,0
Kepler-1903 b,893.0,150.25,5588.0,1.593,0
Kepler-1904 b,1680.0,310.403512,6213.0,1.486,0
Kepler-1905 b,547.0,54.382,4540.0,0.678,0
Kepler-1906 b,495.0,36.482,4540.0,0.678,0
Kepler-1907 b,722.0,164.625,4540.0,0.678,0
Kepler-1907 c,629.0,94.781,4540.0,0.678,0
Kepler-1909 b,1054.0,750.964,4540.0,0.678,0
Kepler-191 b,418.0,8.242999999999999,4540.0,0.678,0
Kepler-191 c,675.0,44.872,5315.0,0.82,0
Kepler-191 d,419.0,14.442,4435.0,0.63,0
Kepler-1910 b,489.0,13.508,5507.0,0.9,0
Kepler-1911 b,543.0,20.882,5919.0,1.12,0
Kepler-1912 b,779.0,83.427,5817.0,1.05,0
Kepler-1913 b,890.0,141.839,5817.0,1.05,0
Kepler-1914 b,743.0,86.473,6112.0,1.65,0
Kepler-1915 b,1089.0,413.603,5770.0,1.16,0
Kepler-1916 b,1322.0,347.464112,4653.0,0.71,0
Kepler-1917 b,478.0,13.155,5734.0,0.98,0
Kepler-1918 b,635.0,39.95,4385.0,0.59,0
Kepler-1919 b,502.0,15.62,4385.0,0.59,0
Kepler-192 b,418.0,7.507,4500.0,0.595,0
Kepler-192 c,1105.0,350.597,5803.0,1.04,0
Kepler-192 d,730.0,78.59,5747.0,1.24,0
Kepler-1920 b,1163.0,421.917,6761.0,1.71,0
Kepler-1921 b,817.0,56.04,5743.0,0.93,0
Kepler-1921 c,1164.0,935.124,6162.0,1.22,0
Kepler-1922 b,1374.0,36.968,5028.0,0.7912000000000001,0
Kepler-1923 b,668.0,50.563,5286.0,0.85,0
Kepler-1924 b,1124.0,550.203,5861.0,1.03,0
Kepler-1925 b,786.0,100.779,5638.0,0.92,0
Kepler-1926 b,485.0,9.913,5279.0,0.81,0
Kepler-1927 b,562.0,19.558,5401.0,0.898,0
Kepler-1928 b,450.0,8.035,5401.0,0.898,0
Kepler-1929 b,1253.0,484.351,5428.0,0.945,0
Kepler-193 b,926.0,144.337,5428.0,0.945,0
Kepler-193 c,554.0,16.228,6260.0,1.36,0
Kepler-1930 b,1215.0,496.82,5191.0,0.8,0
Kepler-1931 b,1239.0,535.188,5928.0,1.08,0
Kepler-1932 b,1277.0,803.353,5643.0,0.96,0
Kepler-1933 b,1231.0,454.604,6035.0,1.22,0
Kepler-1934 b,1270.0,734.464,5976.0,1.08,0
Kepler-1935 b,981.0,261.628,5976.0,1.08,0
Kepler-1936 b,1305.0,827.221,6079.0,1.15,0
Kepler-1937 b,574.0,23.602,5602.0,0.91,0
Kepler-1938 b,1848.0,401.858792,5039.0,0.77,0
Kepler-1939 b,857.0,247.47,5698.0,0.97,0
Kepler-194 b,460.0,15.412,4082.0,0.61,0
Kepler-194 c,362.0,5.9,4082.0,0.61,1
Kepler-194 d,569.0,28.81,4648.0,0.594,0
Kepler-1940 b,907.0,160.18,6037.0,1.11,0
Kepler-1941 b,992.0,266.249,5732.0,0.97,0
Kepler-1942 b,965.0,256.828,5596.0,0.9,0
Kepler-1943 b,382.0,8.313,4339.0,0.62,0
Kepler-1944 b,378.0,11.845,4554.0,0.66,0
Kepler-1945 b,921.0,170.33,5954.0,1.11,0
Kepler-1946 b,869.0,135.797,5895.0,1.04,0
Kepler-1947 b,701.0,55.966,5403.0,0.81,0
Kepler-1948 b,777.0,61.089,5770.0,0.96,0
Kepler-1949 b,626.0,46.303,6058.0,1.31,0
Kepler-195 b,985.0,222.19,6039.0,1.43,0
Kepler-195 c,865.0,132.23,6039.0,1.43,0
Kepler-1950 b,1254.0,584.24,6031.0,1.169,0
Kepler-1951 b,672.0,48.29,6031.0,1.169,0
Kepler-1952 b,572.0,25.3,6031.0,1.169,0
Kepler-1953 b,416.0,1.648,5324.0,0.81,0
Kepler-1954 b,1252.0,588.95,4848.0,0.73,0
Kepler-1955 b,1523.0,890.333,5830.0,1.03,0
Kepler-1956 b,713.0,89.652,4128.0,0.57,0
Kepler-1957 b,1361.0,772.498,4913.0,0.75,0
Kepler-1958 b,624.0,35.276,5579.0,0.91,0
Kepler-1959 b,1054.0,292.31,4940.0,0.77,0
Kepler-196 b,1086.0,794.778,5695.0,1.2,0
Kepler-196 c,362.7,2.86,5950.0,0.6604000000000001,1
Kepler-196 d,809.0,107.028,5505.2,0.875,0
Kepler-1960 b,706.0,61.929,5505.2,0.875,0
Kepler-1961 b,626.0,38.39,5436.0,0.893,0
Kepler-1962 b,559.0,24.318,5436.0,0.893,0
Kepler-1963 b,995.0,329.283,5932.0,1.09,0
Kepler-1964 b,900.0,103.828,5455.0,0.85,0
Kepler-1965 b,565.0,92.131,6100.0,1.16,0
Kepler-1966 b,1187.0,499.301,6350.0,1.55,0
Kepler-1967 b,996.0,405.183,5835.0,1.03,0
Kepler-1968 b,824.0,153.497,5535.0,0.93,0
Kepler-1969 b,390.0,5.747,5773.0,0.99,0
Kepler-197 b,399.0,6.338,5653.0,0.91,0
Kepler-197 c,528.0,14.897,5020.0,0.77,0
Kepler-197 d,1050.0,233.621,5836.0,1.06,0
Kepler-197 e,966.0,197.29,5047.0,0.78,0
Kepler-1972 b,1097.0,547.293,5333.0,0.84,0
Kepler-1972 c,718.0,117.828,5678.0,0.95,0
Kepler-1976 b,1143.0,464.765,5754.0,1.0,0
Kepler-1977 b,1532.0,269.865108,6213.0,1.195,0
Kepler-1978 b,694.0,46.362,5570.0,0.92,0
Kepler-1979 b,914.0,164.98,5440.0,0.885,0
Kepler-198 b,996.0,196.127,4751.0,0.71,0
Kepler-198 c,327.0,2.72,5541.0,0.91,1
Kepler-198 d,1047.0,417.034,5614.0,0.89,0
Kepler-1980 b,494.0,17.234,5664.0,0.95,0
Kepler-1981 b,478.0,9.203,5600.0,0.8488,0
Kepler-1982 b,403.0,4.656,5600.0,0.8356,0
Kepler-1983 b,691.0,54.869,5857.0,1.02,0
Kepler-1984 b,640.0,79.722,5993.0,1.14,0
Kepler-1985 b,1230.0,553.056,5902.0,1.08,0
Kepler-1986 b,749.0,68.015,6163.0,1.27,0
Kepler-1987 b,560.0,31.624,6020.0,1.13,0
Kepler-1987 c,569.0,41.431,5958.0,1.11,0
Kepler-1987 d,923.0,152.746,5060.0,0.77,0
Kepler-1987 e,632.0,37.81,5261.0,0.81,0
Kepler-1988 b,501.0,27.009,5044.0,0.77,0
Kepler-1989 b,580.0,29.128,5792.0,1.02,0
Kepler-199 b,1622.0,586.169,6761.0,1.74,0
Kepler-199 c,1407.0,926.72,6900.0,1.6384,0
Kepler-1990 b,1217.0,538.569,5961.0,1.09,0
Kepler-1990 c,903.0,259.029,5476.0,0.87,0
Kepler-1991 b,818.0,163.052,6116.0,1.09,0
Kepler-1991 c,964.0,139.5,5715.0,0.94,0
Kepler-1992 b,830.0,124.646,6187.0,1.35,0
Kepler-1993 b,1111.0,231.432,6098.0,1.16,0
Kepler-1994 b,785.0,109.842,6194.0,1.29,0
Kepler-1995 b,1089.0,407.977,6194.0,1.29,0
Kepler-1996 b,417.0,7.854,5875.0,0.9,0
Kepler-1996 c,1328.0,954.588,5961.0,1.25,0
Kepler-1997 b,540.0,30.227,5954.0,1.13,0
Kepler-1998 b,486.0,44.326,5887.0,1.07,0
Kepler-1999 b,556.0,18.196,4747.0,0.72,0
Kepler-20 b,1034.0,266.271,5820.0,0.99,0
Kepler-20 c,896.0,119.881,5603.0,0.85,0
Kepler-20 d,771.0,106.585,4315.0,0.61,0
Kepler-20 e,303.0,1.99,5262.0,0.81,1
Kepler-20 f,515.0,16.56,5510.0,0.803,0
Kepler-20 g,855.0,354.221,5839.0,1.04,0
Kepler-200 b,616.0,37.11,4223.0,0.62,0
Kepler-200 c,640.0,62.198,5595.0,0.91,0
Kepler-2000 b,661.0,48.229,5774.0,0.958,0
Kepler-2000 c,523.0,18.903,5774.0,0.958,0
Kepler-2001 b,2026.0,233.332944,5777.0,1.02,0
Kepler-2001 c,709.0,69.17459999999998,6015.0,1.29,0
Kepler-201 b,716.0,54.109,4836.0,0.73,0
Kepler-201 c,704.0,68.723,4184.0,0.57,0
Kepler-202 b,556.0,24.875,5647.0,0.93,0
Kepler-202 c,842.0,274.845,5682.0,0.97,0
Kepler-203 b,462.0,24.791,5682.0,0.97,0
Kepler-203 c,1332.0,875.419,6160.0,1.25,0
Kepler-203 d,928.0,185.771,5461.0,0.86,0
Kepler-204 b,537.0,21.987,6035.0,1.02,0
Kepler-204 c,879.0,137.66,6106.0,1.38,0
Kepler-205 b,1783.0,221.001856,5973.0,1.12,0
Kepler-205 c,852.0,127.24,6154.0,1.23,0
Kepler-206 b,2040.0,51.428,4550.0,0.6770400000000001,0
Kepler-206 c,1752.0,310.403512,6230.0,1.5,0
Kepler-206 d,931.0,198.725,6112.0,1.4326,0
Kepler-207 b,1218.0,519.95,5998.0,1.11,0
Kepler-207 c,1129.0,58.9,4687.0,0.61,0
Kepler-207 d,1357.0,122.82,6068.0,1.797,0
Kepler-208 b,1192.0,568.378,5877.0,1.15,0
Kepler-208 c,1319.0,844.751,6173.0,1.38,0
Kepler-208 d,503.0,14.683,5248.0,0.81,0
Kepler-208 e,991.0,228.11,5418.0,0.76,0
Kepler-209 b,1052.0,258.702,6028.0,1.14,0
Kepler-209 c,869.0,153.915,6113.0,1.21,0
Kepler-21 b,975.0,257.776,5883.0,1.7,0
Kepler-210 b,781.0,106.207,5883.0,1.7,0
Kepler-210 c,637.0,46.844,5904.34,1.81719,0
Kepler-211 b,907.0,153.138,5403.0,0.85,0
Kepler-211 c,364.0,3.986,5403.0,0.85,1
Kepler-212 b,492.0,15.007,5663.0,0.91,0
Kepler-212 c,1876.0,349.43764,5671.0,0.93,0
Kepler-213 b,1104.0,390.636,5988.0,1.26,0
Kepler-213 c,610.0,19.997,6167.0,1.23,0
Kepler-214 b,394.0,5.833,4673.0,0.72,0
Kepler-214 c,524.0,17.883,5806.0,1.01,0
Kepler-215 b,906.0,129.534,5743.0,0.99,0
Kepler-215 c,894.0,111.11,4700.0,0.7,0
Kepler-215 d,2362.0,282.319928,5869.0,1.02,0
Kepler-215 e,1133.0,275.0,5669.0,0.919,0
Kepler-216 b,561.0,16.851,6335.0,1.4,0
Kepler-216 c,744.0,72.44,5241.0,0.81,0
Kepler-217 b,1276.0,562.217,5331.0,0.84,0
Kepler-217 c,602.0,61.323,5346.0,0.84,0
Kepler-217 d,384.0,4.716,5001.0,0.77,0
Kepler-218 b,879.0,94.607,4830.0,0.73,0
Kepler-218 c,867.0,133.56,5482.0,0.89,0
Kepler-218 d,495.0,20.627,6095.0,1.22,0
Kepler-219 b,377.0,6.93,6095.0,1.22,0
Kepler-219 c,544.0,8.57,5533.0,0.89,0
Kepler-219 d,692.0,54.19,5471.0,0.85,0
Kepler-22 b,997.0,216.094,4781.0,0.76,0
Kepler-220 b,486.0,10.519,5769.0,0.96,0
Kepler-220 c,722.0,47.032,5539.0,0.86,0
Kepler-220 d,379.0,4.957,4861.0,0.75,0
Kepler-220 e,455.0,10.16,5612.0,0.91,0
Kepler-221 b,459.0,20.174,5409.0,0.83,0
Kepler-221 c,616.0,31.702,5718.0,0.97,0
Kepler-221 d,857.0,124.072,5665.0,0.93,0
Kepler-221 e,573.0,51.95,5508.0,0.87,0
Kepler-222 b,841.0,126.203,5679.0,0.94,0
Kepler-222 c,782.0,58.442,5403.0,0.86,0
Kepler-222 d,582.0,27.2,5211.0,0.895,0
Kepler-223 b,927.0,178.832,5699.0,1.41,0
Kepler-223 c,360.0,3.97,5857.0,1.02,1
Kepler-223 d,340.0,2.472,4834.0,0.73,1
Kepler-223 e,369.0,5.046,5730.0,0.99,1
Kepler-224 b,410.0,5.84,5416.0,0.99,0
Kepler-224 c,873.0,121.04,5416.0,0.99,0
Kepler-224 d,545.0,21.531,4990.0,0.76,0
Kepler-224 e,664.0,33.091,5350.0,0.84,0
Kepler-225 b,1056.0,307.058,6040.0,1.15,0
Kepler-225 c,769.0,124.911,4963.0,0.75,0
Kepler-226 b,749.0,73.59,5421.0,0.86,0
Kepler-226 c,1912.0,165.868,7005.0,1.2882280000000002,0
Kepler-226 d,711.0,57.524,5690.0,1.02,0
Kepler-227 b,1391.0,129.223,4755.0,0.72,0
Kepler-227 c,642.0,40.4,5582.0,0.9,0
Kepler-228 b,689.0,53.823,5478.0,0.86,0
Kepler-228 c,802.0,83.494,5461.0,0.87,0
Kepler-228 d,652.0,43.916,5427.0,0.84,0
Kepler-229 b,393.0,4.98,5886.0,1.15,0
Kepler-229 c,391.0,10.972,5840.0,1.02,0
Kepler-229 d,638.0,39.1,5178.0,0.8,0
Kepler-23 b,258.0,1.05,5178.0,0.8,0
Kepler-23 c,745.0,103.909,4598.0,0.7,0
Kepler-23 d,644.0,58.15,4598.0,0.7,0
Kepler-230 b,465.0,10.166,5214.0,0.82,0
Kepler-230 c,1270.0,564.581,5214.0,0.82,0
Kepler-231 b,1328.0,767.964,5779.0,0.98,0
Kepler-231 c,464.0,11.111,4290.0,0.71,0
Kepler-232 b,1087.0,82.766,5431.0,0.85,0
Kepler-232 c,1060.0,266.514,6146.0,1.22,0
Kepler-233 b,402.0,7.892,5213.0,0.78,0
Kepler-233 c,577.0,28.511,3687.0,0.5,0
Kepler-234 b,1599.0,328.698,4897.0,0.75,0
Kepler-234 c,1168.0,439.8,4883.0,1.667,0
Kepler-235 b,324.0,2.661,5232.0,0.83,1
Kepler-235 c,544.0,13.955,5315.0,0.83,0
Kepler-235 d,546.0,20.99,6002.0,1.09,0
Kepler-235 e,792.0,77.841,5310.0,0.83,0
Kepler-236 b,1592.0,234.531216,5539.0,1.11,0
Kepler-236 c,845.0,170.137,5935.0,1.06,0
Kepler-237 b,1103.0,337.471,5718.0,0.96,0
Kepler-237 c,955.0,185.203,6139.0,1.29,0
Kepler-238 b,485.0,30.997,6052.0,1.08,0
Kepler-238 c,484.0,13.991,5610.0,0.93,0
Kepler-238 d,323.0,2.4,5434.0,0.85,1
Kepler-238 e,465.0,10.857,5642.0,0.98,0
Kepler-238 f,351.0,3.853,5637.0,0.91,1
Kepler-239 b,368.0,6.56,4005.0,0.53,1
Kepler-239 c,805.0,74.35,5074.0,0.78,0
Kepler-24 b,810.0,108.042,4782.0,0.73,0
Kepler-24 c,903.0,108.3,5948.0,1.08,0
Kepler-24 d,2386.0,164.987032,5948.0,1.08,0
Kepler-24 e,260.0,1.371,4392.0,0.61,0
Kepler-240 b,510.0,15.291,4944.0,0.74,0
Kepler-240 c,352.0,3.954,3843.0,0.54,1
Kepler-241 b,957.0,243.984,3934.0,0.54,0
Kepler-241 c,517.0,11.92,5206.0,0.8,0
Kepler-242 b,1272.0,723.081,6014.0,1.14,0
Kepler-242 c,1709.0,306.30578,6150.0,1.56,0
Kepler-243 b,1020.0,409.917,6058.0,1.18,0
Kepler-243 c,1355.0,740.173,6237.0,1.65,0
Kepler-244 b,998.0,149.3748,3842.0,0.604,0
Kepler-244 c,330.0,4.8402,4263.4,0.274,1
Kepler-244 d,620.0,24.5,4430.0,0.3155,0
Kepler-245 b,526.0,12.7,3884.8,0.3155,0
Kepler-245 c,416.0,4.97,4110.412,0.3155,0
Kepler-245 d,347.0,2.4,4376.4,0.3155,1
Kepler-245 e,285.0,1.1,4117.2,0.3155,1
Kepler-246 b,226.0,0.43,4273.0,0.2159,0
Kepler-246 c,422.0,5.3,4538.8,0.2159,0
Kepler-247 b,595.0,23.3722,4656.8,0.246,0
Kepler-247 c,830.44,94.3,4282.4,0.329,0
Kepler-247 d,510.9,13.5,4265.96,0.329,0
Kepler-248 b,462.95,9.1,4365.697999999999,0.329,0
Kepler-248 c,617.0,26.3712,3643.0,0.501,0
Kepler-249 b,805.0,70.1,4640.4,0.189,0
Kepler-249 c,586.0,20.8,4138.4,0.2789,0
Kepler-249 d,1500.0,383.59556,4526.0,0.308,0
Kepler-25 b,700.0,38.5441,3950.0,0.584,0
Kepler-25 c,564.3,24.14,4163.4,0.182,0
Kepler-25 d,324.4,2.637,4913.4,0.182,1
Kepler-250 b,395.5,5.83,3970.4,0.182,0
Kepler-250 c,396.0,4.09,3995.2,0.1556,0
Kepler-250 d,272.0,0.906,3961.2,0.1556,0
Kepler-251 b,431.0,5.7,4295.0,0.271,0
Kepler-251 c,508.0,10.9,4277.0,0.265,0
Kepler-251 d,903.0,111.0,4576.8,0.38,0
Kepler-251 e,359.0,2.76,4401.4,0.38,1
Kepler-252 b,1978.0,286.17260799999997,5443.0,0.949,0
Kepler-252 c,2594.3,173.10690099381952,5478.352501167678,0.9586832829524681,0
Kepler-253 b,2250.0,427.91168,6350.2,1.79,0
Kepler-253 c,34.0,0.04454,4222.0,0.6101436,0
Kepler-253 d,500.0,22.501600000000003,7314.0,0.21328,0
Kepler-254 b,683.0,52.6645,6000.0,1.0213999999999999,0
Kepler-254 c,790.0,65.3,3916.0,0.573,0
Kepler-254 d,1332.0,637.9235199999999,4600.0,0.697,0
Kepler-255 b,435.0,9.242,5050.0,0.832,0
Kepler-255 c,1257.0,416.0,5690.0,1.589,0
Kepler-255 d,1605.0,328.57097999999996,5819.0,1.788,0
Kepler-256 b,1143.0,191.782,5187.0,0.842,0
Kepler-256 c,1146.0,425.0,5600.0,0.954,0
Kepler-256 d,1177.0,480.0,5550.0,1.213,0
Kepler-256 e,1457.0,436.665956,5650.0,1.337,0
Kepler-257 b,1381.0,845.0,5610.0,1.392,0
Kepler-257 c,1468.0,328.57097999999996,6478.0,1.702,0
Kepler-257 d,688.0,6.7645,5980.0,1.78,0
Kepler-258 b,1357.0,514.2853,4660.0,0.86,0
Kepler-258 c,1327.0,745.1318,6057.0,1.24,0
Kepler-259 b,1499.0,391.83,5820.0,1.64,0
Kepler-259 c,1101.0,323.7498,5321.0,0.86,0
Kepler-26 b,1331.0,523.0,5550.0,1.16,0
Kepler-26 c,1783.0,187.88119999999998,5700.0,1.77,0
Kepler-26 d,1434.44,304.19739999999996,5600.0,0.93,0
Kepler-26 e,500.0,172.857,5455.0,0.913,0
Kepler-260 b,1410.0,643.0,5710.0,1.7,0
Kepler-260 c,1750.0,205.40324,5680.0,1.0192,0
Kepler-261 b,1991.0,283.94364,6240.4,1.47,0
Kepler-261 c,624.0,60.9858,6134.0,1.367,0
Kepler-262 b,451.0,9.8437,4717.0,0.753,0
Kepler-262 c,1650.0,886.9841,5143.0,0.84,0
Kepler-263 b,952.0,101.253,4987.0,0.739,0
Kepler-263 c,1283.9,339.508208,4730.0,0.754,0
Kepler-264 b,1345.0,503.0,5241.0,0.98,0
Kepler-264 c,1448.0,729.0,6330.0,1.38,0
Kepler-265 b,55.0,0.04454,4222.0,0.6101436,0
Kepler-265 c,50.0,0.04454,4222.0,0.6101436,0
Kepler-265 d,82.0,0.04454,4222.0,0.6101436,0
Kepler-265 e,59.0,0.04454,4222.0,0.6101436,0
Kepler-266 b,1702.0,435.86543199999994,5950.0,1.17,0
Kepler-266 c,1019.0,203.5587,5040.0,0.83,0
Kepler-267 b,1342.0,528.4147,4790.0,0.774,0
Kepler-267 c,2013.0,230.81513999999999,6210.0,1.32,0
Kepler-267 d,1550.0,247.524256,5924.0,1.14,0
Kepler-268 b,1686.0,328.57098,6325.0,1.64,0
Kepler-268 c,2212.0,229.315344,6050.0,1.363,0
Kepler-269 b,2034.0,310.403512,6933.0,1.53,0
Kepler-269 c,2175.0,372.7434,4530.8,0.232692,0
Kepler-27 b,1204.0,398.4141,3972.0,1.26,0
Kepler-27 c,995.0,219.8858,3972.0,1.26,0
Kepler-27 d,481.0,17.1024,6407.0,1.734,0
Kepler-270 b,295.1,1.2,5734.0,0.949,1
Kepler-270 c,218.0,0.641,3851.0,0.141,0
Kepler-271 b,282.0,1.814,3853.4,0.141,1
Kepler-271 c,1418.0,382.328,5013.0,0.803,0
Kepler-271 d,1955.0,269.865108,6124.0,1.254,0
Kepler-272 b,1344.0,713.72352,4645.0,0.776,0
Kepler-272 c,1681.0,337.713636,6007.0,1.272,0
Kepler-272 d,1385.0,614.0,5215.0,0.849,0
Kepler-273 b,1415.0,669.0,5747.0,1.076,0
Kepler-273 c,1006.0,174.9015,5052.0,0.722,0
Kepler-274 b,2053.0,310.403512,6387.0,1.564,0
Kepler-274 c,1457.0,698.148,5738.0,1.315,0
Kepler-275 b,1134.0,210.669,4309.0,0.696,0
Kepler-275 c,1975.0,427.54252,6275.6,1.33658,0
Kepler-275 d,301.0,1.38,3991.6,0.1967,1
Kepler-276 b,682.0,36.2,4041.0,0.569,0
Kepler-276 c,553.0,15.54,4689.346,0.7058718,0
Kepler-276 d,703.0,40.3,5844.0,1.016,0
Kepler-277 b,200.0,0.21,5844.0,1.016,0
Kepler-277 c,974.0,83.3856,5788.0,1.088,0
Kepler-278 b,1775.0,152.17798,5993.0,1.1019999999999999,0
Kepler-278 c,805.5,2.28,5756.0,1.086,0
Kepler-279 b,1250.0,712.7642000000001,5638.0,0.909,0
Kepler-279 c,1050.0,260.4434,5638.0,0.909,0
Kepler-279 d,872.0,111.0292,4591.8,0.5299,0
Kepler-279 e,517.2,17.956200000000003,5757.0,1.15,0
Kepler-28 b,635.0,28.75178,3998.0,0.911,0
Kepler-28 c,1364.0,575.597,5475.0,0.92,0
Kepler-280 b,1135.0,246.0,6146.0,1.264,0
Kepler-280 c,719.0,39.7,6146.0,1.264,0
Kepler-281 b,853.0,88.0718,6122.0,1.17,0
Kepler-281 c,1077.0,232.0,5328.0,0.84,0
Kepler-281 d,859.0,95.0,5328.0,0.84,0
Kepler-282 b,784.0,62.9,4734.0,0.726,0
Kepler-282 c,634.0,26.8,4734.0,0.726,0
Kepler-282 d,1323.0,509.2,3875.0,0.581,0
Kepler-282 e,1728.0,532.0,6311.0,1.81,0
Kepler-283 b,1538.0,928.0,5635.0,1.05,0
Kepler-283 c,1210.0,355.0,5635.0,1.05,0
Kepler-284 b,978.0,152.0,5635.0,1.05,0
Kepler-284 c,825.0,78.1,4360.0,0.697,0
Kepler-285 b,650.0,30.0,4360.0,0.697,0
Kepler-285 c,1074.28,254.894,5962.7,1.15,0
Kepler-286 b,1216.0,454.4644,5770.0,0.968,0
Kepler-286 c,1062.0,232.392,5770.0,0.968,0
Kepler-286 d,843.0,626.362,5770.0,0.968,0
Kepler-286 e,737.0,48.4771,5770.0,0.968,0
Kepler-287 b,658.0,26.4328,5770.0,0.968,0
Kepler-287 c,574.0,36.366200000000006,5770.0,0.968,0
Kepler-288 b,868.0,132.0,5350.0,0.934,0
Kepler-288 c,713.83,52.02,5030.0,0.76,0
Kepler-288 d,638.18,36.97,4738.0,0.73,0
Kepler-289 b,1942.12,168.71020000000001,6054.0,1.1776,0
Kepler-289 c,715.47,57.54,4534.0,0.69,0
Kepler-289 d,1264.29,203.685,5394.0,0.9608,0
Kepler-289 e,1486.0,324.114,5710.0,1.45,0
Kepler-29 b,703.0,40.6,4594.2,0.508,0
Kepler-29 c,1361.2,572.2,5737.0,1.179,0
Kepler-290 b,743.6,51.0,5737.0,1.179,0
Kepler-290 c,471.0,8.8,4075.0,0.334,0
Kepler-290 d,440.0,6.06,5592.0,1.031,0
Kepler-291 b,541.0,13.9295,4112.2,0.404,0
Kepler-291 c,303.12,1.9952,4106.6,0.404,1
Kepler-292 b,243.77,3.21,3872.0,0.56,0
Kepler-292 c,688.61,53.1389,5696.0,1.15281,0
Kepler-292 d,329.6,1.93,4056.4,0.476,1
Kepler-292 e,708.0,53.8795,5660.0,0.877,0
Kepler-292 f,775.0,60.3,3997.0,0.619,0
Kepler-293 b,1133.0,442.0,4089.0,0.58,0
Kepler-293 c,695.0,63.0,4089.0,0.58,0
Kepler-294 b,450.0,17.2664,4739.4,0.511,0
Kepler-294 c,714.86,56.63,4599.0,0.721,0
Kepler-295 b,955.0,196.0,5151.0,0.86,0
Kepler-295 c,862.49,129.0,5213.0,0.8649,0
Kepler-295 d,587.77,28.0,5213.0,0.8649,0
Kepler-296 b,463.98,11.0,5213.0,0.8649,0
Kepler-296 c,952.09,202.0739,5205.0,0.8686,0
Kepler-296 d,726.89,48.6058,5497.0,0.9785,0
Kepler-296 e,1037.0,185.0,5320.0,0.848,0
Kepler-296 f,827.8,77.59,5320.0,0.848,0
Kepler-297 b,638.1,26.7,5320.0,0.848,0
Kepler-297 c,963.0,153.1389,4775.0,0.711,0
Kepler-297 d,871.0,95.58,4227.0,0.672,0
Kepler-298 b,651.0,29.81,4227.0,0.672,0
Kepler-298 c,499.0,10.32,4227.0,0.672,0
Kepler-298 d,415.0,4.72,4263.4,0.4232,0
Kepler-299 b,346.0,2.42,4376.4,0.4232,1
Kepler-299 c,288.0,1.3,3944.2,0.4232,1
Kepler-299 d,918.9,91.0972,5300.0,0.92,0
Kepler-299 e,1004.9,231.2034,5499.0,0.8521,0
Kepler-30 b,975.0,120.595,5065.0,0.7934,0
Kepler-30 c,697.0,62.0884,5065.0,0.7934,0
Kepler-30 d,1211.0,225.013,5690.0,1.06,0
Kepler-300 b,407.87,6.5402,3799.0,0.573,0
Kepler-300 c,759.0,74.7359,5457.0,0.8426,0
Kepler-301 b,1344.51,182.406,6086.0,1.13,0
Kepler-301 c,1203.44,283.733112,5388.0,0.9583,0
Kepler-301 d,1392.74,311.498,5718.0,1.5566,0
Kepler-302 b,2360.0,328.57097999999996,6280.0,1.7,0
Kepler-302 c,1414.84,328.57097999999996,5567.0,1.7031,0
Kepler-303 b,1278.0,732.0077,5752.0,1.4536,0
Kepler-303 c,737.36,72.55,4820.0,0.732,0
Kepler-304 b,1395.0,860.0,5397.0,0.9,0
Kepler-304 c,1679.0,173.42239999999998,6274.0,1.2778000000000003,0
Kepler-304 d,254.65,0.9938,5723.2,1.313,0
Kepler-304 e,1324.0,468.5415,5099.0,0.78,0
Kepler-305 b,928.0,102.6644,5099.0,0.78,0
Kepler-305 c,1400.0,371.39884800000004,5464.0,0.83,0
Kepler-305 d,1000.0,183.6642,5464.0,0.83,0
Kepler-305 e,615.03,34.68,5735.0,1.0235,0
Kepler-306 b,327.4,1.771,5735.0,1.0235,1
Kepler-306 c,561.17,22.4219,4570.0,0.7007,0
Kepler-306 d,1293.0,465.179,6117.0,1.53,0
Kepler-306 e,1864.0,373.226116,6117.0,1.53,0
Kepler-307 b,1236.7,565.5415,4635.0,0.7558,0
Kepler-307 c,976.4,266.85,4115.0,0.614,0
Kepler-308 b,1517.0,883.0,4884.0,0.793,0
Kepler-308 c,957.0,139.0,5510.0,0.923,0
Kepler-309 b,870.0,90.5151,5840.0,1.019,0
Kepler-309 c,628.0,36.0974,5840.0,1.019,0
Kepler-31 b,2370.0,173.10690099381952,5478.352501167678,0.9586832829524681,0
Kepler-31 c,794.23,82.0,6008.0,1.17,0
Kepler-31 d,971.0,145.0,5230.0,0.82,0
Kepler-310 b,794.0,65.0,5230.0,0.82,0
Kepler-310 c,748.4,68.4355,5841.0,1.6184,0
Kepler-310 d,1072.0,207.0242,4814.6,0.31,0
Kepler-311 b,520.66,16.8576,5224.0,0.7511,0
Kepler-311 c,2130.02,195.898112,5460.0,0.9105,0
Kepler-311 d,426.0,5.45,4305.4,0.38,0
Kepler-312 b,722.0,44.9493,4354.2,0.483,0
Kepler-312 c,533.0,11.88518,4163.2,0.483,0
Kepler-313 b,723.33,53.0216,5801.0,1.0162,0
Kepler-313 c,326.0,1.8,3853.4,0.275,1
Kepler-314 b,944.2,132.6,4975.0,0.72,0
Kepler-314 c,819.8,75.3,4975.0,0.72,0
Kepler-315 b,506.07,18.13,3834.0,0.491,0
Kepler-315 c,683.5,36.4,4391.0,0.3714,0
Kepler-316 b,338.1,2.13,4151.2,0.3714,1
Kepler-316 c,734.0,46.3,3709.0,0.469,0
Kepler-317 b,373.0,3.35,3709.0,0.469,1
Kepler-317 c,891.0,110.0201,5100.0,0.84,0
Kepler-318 b,662.0,48.42399999999999,5100.0,0.84,0
Kepler-318 c,918.0,261.013,5597.0,1.048,0
Kepler-319 b,1404.5,750.922,6255.0,1.526,0
Kepler-319 c,1839.0,238.161052,6520.0,1.14,0
Kepler-319 d,2546.0,505.7220440000001,7299.0,1.4800799999999998,0
Kepler-32 b,1588.0,106.12633600000001,5404.0,1.167,0
Kepler-32 c,1493.97,136.9468,5982.0,1.043,0
Kepler-32 d,1669.0,328.57097999999996,6495.0,1.648,0
Kepler-32 e,584.0,55.58,5504.0,0.83,0
Kepler-32 f,924.0,121.0,4530.8,0.45,0
Kepler-320 b,799.0,27.4026,4850.0,0.81,0
Kepler-320 c,1031.14,268.44,5977.0,1.006,0
Kepler-321 b,1285.16,342.997,5497.0,1.0561,0
Kepler-321 c,1062.0,196.694,6170.0,1.316,0
Kepler-322 b,684.0,14.5514,6170.0,1.316,0
Kepler-322 c,404.0,4.41,4447.2,0.2106,0
Kepler-323 b,929.25,163.056,4402.0,0.7,0
Kepler-323 c,1000.0,213.0,4526.0,0.462,0
Kepler-324 b,1715.0,342.59810400000003,5880.0,1.288,0
Kepler-324 c,703.49,59.13,5759.0,1.0,0
Kepler-324 e,764.0,57.0208,4530.8,0.46,0
Kepler-325 b,943.19,195.2882,5058.0,0.8036,0
Kepler-325 c,698.0,39.0,3690.0,0.515,0
Kepler-325 d,489.0,13.5,4265.96,0.2775,0
Kepler-326 b,602.99,33.0,5684.0,0.9574,0
Kepler-326 c,959.0,254.83,5879.0,1.24,0
Kepler-326 d,1198.0,299.0,5645.0,1.777,0
Kepler-327 b,782.98,92.36,5777.0,1.09,0
Kepler-327 c,767.0,57.78,3980.0,0.6243,0
Kepler-327 d,1099.79,329.6,5636.0,1.4286,0
Kepler-328 b,249.0,0.9,5636.0,1.4286,0
Kepler-328 c,755.55,53.91,4814.0,0.781,0
Kepler-329 b,694.09,58.618,5815.0,1.131,0
Kepler-329 c,485.0,10.8837,4277.0,0.338,0
Kepler-33 b,598.0,63.31,6179.0,1.14,0
Kepler-33 c,831.0,83.8379,3985.0,0.55,0
Kepler-33 d,673.0,36.1539,3985.0,0.55,0
Kepler-33 e,533.0,14.2074,3985.0,0.55,0
Kepler-33 f,651.64,192.521,5970.0,1.3137,0
Kepler-330 b,1005.43,237.996,5621.0,0.9715,0
Kepler-330 c,551.44,21.05,5169.0,0.81,0
Kepler-331 b,443.0,6.39,4065.0,0.597,0
Kepler-331 c,1566.0,240.87,5994.0,1.1,0
Kepler-331 d,877.67,140.93,5583.0,0.995,0
Kepler-332 b,824.0,73.7609,5746.0,1.1303,0
Kepler-332 c,707.89,55.4426,5284.0,0.8288,0
Kepler-332 d,1269.21,560.3349,5785.0,0.9356,0
Kepler-333 b,580.0,71.34,5859.0,0.98,0
Kepler-333 c,1040.0,223.9274,4316.0,0.662,0
Kepler-334 b,873.0,97.6159,4316.0,0.662,0
Kepler-334 c,690.0,24.9125,4316.0,0.662,0
Kepler-334 d,600.0,21.8202,4316.0,0.662,0
Kepler-335 b,521.0,0.6071,4316.0,0.662,0
Kepler-335 c,470.0,19.4978,4316.0,0.662,0
Kepler-336 b,697.84,56.25,4336.0,0.669,0
Kepler-336 c,974.95,214.17,4336.0,0.669,0
Kepler-336 d,1927.0,201.72854,5991.0,1.1632000000000002,0
Kepler-337 b,992.91,228.913,5631.0,1.3162,0
Kepler-337 c,734.31,69.26,5165.0,0.78,0
Kepler-338 b,1935.83,97.54242,5165.0,0.78,0
Kepler-338 c,922.72,164.26,5690.0,0.957,0
Kepler-338 d,493.7,10.7276,3863.0,0.547,0
Kepler-338 e,747.0,58.0,4687.0,0.715,0
Kepler-339 b,588.0,22.0,4687.0,0.715,0
Kepler-339 c,337.47,2.1473,4351.4,0.401575,1
Kepler-339 d,1694.1,267.929528,4914.0,0.746,0
Kepler-34 b,895.1,102.43,4994.0,0.745,0
Kepler-340 b,962.2,55.9743,4766.0,0.769,0
Kepler-340 c,1375.0,292.245,5734.0,1.51,0
Kepler-341 b,423.63,9.2972,4927.0,0.8049,0
Kepler-341 c,528.67,14.6287,5165.0,0.8123,0
Kepler-341 d,966.0,153.5185,6380.0,1.577,0
Kepler-341 e,2007.6,425.19238000000007,6237.0,1.6454,0
Kepler-342 b,1199.55,354.639,6039.0,1.3996,0
Kepler-342 c,568.1,17.35,4663.2,0.397,0
Kepler-342 d,1479.0,435.33,4985.0,0.808,0
Kepler-342 e,1701.0,852.162,5359.0,1.041,0
Kepler-343 b,615.0,23.786,6341.0,1.36,0
Kepler-343 c,1885.0,876.703,5752.0,0.94,0
Kepler-344 b,524.92,17.9436,4353.4,0.494,0
Kepler-344 c,674.54,51.0074,6241.0,1.6131,0
Kepler-345 b,378.0,3.4,3926.0,0.607,0
Kepler-345 c,2097.0,286.632488,5814.0,1.08,0
Kepler-346 b,368.0,7.4193,3650.0,0.441,1
Kepler-346 c,358.0,2.7528,5255.0,0.82,1
Kepler-347 b,2290.0,173.10690099381952,5478.352501167678,0.9586832829524681,0
Kepler-347 c,1488.0,628.0,5611.0,1.134,0
Kepler-347 d,1038.0,149.0,5611.0,1.134,0
Kepler-348 b,1221.39,525.9409,7130.0,0.9737288,0
Kepler-348 c,759.0,30.2653,6394.0,1.339,0
Kepler-349 b,400.2,4.09,5929.0,1.079,0
Kepler-349 c,530.9,13.185,4176.8,0.3273,0
Kepler-35 b,448.0,6.68,4063.8,0.3273,0
Kepler-350 b,576.34,26.0758,4174.0,0.62,0
Kepler-350 c,917.46,126.052,5626.0,1.7457,0
Kepler-350 d,1166.0,343.7178,5977.0,1.459,0
Kepler-351 b,1358.0,567.0,6490.0,1.241,0
Kepler-351 c,1828.82,465.85570399999995,6250.0,1.21,0
Kepler-351 d,646.0,29.035,5185.0,0.79,0
Kepler-352 b,910.0,117.7582,4525.4,0.35,0
Kepler-352 c,520.62,12.23,3710.0,0.535,0
Kepler-352 d,738.0,49.4,5201.0,0.774,0
Kepler-353 b,543.16,32.7,5192.0,0.796,0
Kepler-353 c,457.68,16.5,5192.0,0.796,0
Kepler-354 b,1138.0,265.56204,5192.0,0.796,0
Kepler-354 c,488.0,8.1,3800.0,0.534,0
Kepler-354 d,527.0,12.8,4084.4,0.475,0
Kepler-355 b,300.33,1.7338,5081.0,0.8481,1
Kepler-355 c,535.0,19.7144,4426.0,0.729,0
Kepler-356 b,329.0,3.0647,4426.0,0.729,1
Kepler-356 c,347.0,3.43,3759.0,0.44,1
Kepler-357 b,297.0,1.84,3759.0,0.44,1
Kepler-357 c,445.0,9.4,4795.897999999999,0.235,0
Kepler-357 d,349.0,3.7,3948.0,0.235,1
Kepler-358 b,1397.0,508.468,5627.0,0.932,0
Kepler-358 c,3646.0,328.57097999999996,6540.0,1.698,0
Kepler-359 b,384.0,3.61,3949.8,0.245,0
Kepler-359 c,780.53,86.2315,5968.0,1.1174,0
Kepler-359 d,666.0,32.0,4580.0,0.709,0
Kepler-36 b,306.0,1.4,4580.0,0.709,1
Kepler-36 c,395.0,4.0,3995.2,0.34,0
Kepler-360 b,728.0,47.3,5635.0,0.95,0
Kepler-360 c,1095.0,241.0,5635.0,0.95,0
Kepler-361 b,491.4,9.8,5635.0,0.95,0
Kepler-361 c,1484.0,515.939,6206.0,1.2179664000000001,0
Kepler-362 b,1802.0,383.41051600000003,6630.0,1.612,0
Kepler-362 c,1580.0,420.783256,6280.0,1.396,0
Kepler-363 b,1188.0,81.4989,5673.0,1.41,0
Kepler-363 c,497.0,10.1,5026.0,0.748,0
Kepler-363 d,628.0,25.9,5026.0,0.748,0
Kepler-364 b,1364.0,577.0,6270.0,1.2415999999999998,0
Kepler-364 c,348.0,2.71,5695.0,1.636,1
Kepler-365 b,1676.05,204.42239999999998,5966.0,1.1458000000000002,0
Kepler-365 c,1763.0,183.11717600000003,5966.0,1.248,0
Kepler-366 b,590.88,14.2526,4756.0,0.6909,0
Kepler-366 c,1860.0,233.455816,5634.0,1.043,0
Kepler-367 b,805.0,66.8553,5298.0,0.858,0
Kepler-367 c,652.07,42.7254,5169.0,0.808,0
Kepler-368 b,1259.0,406.0,6101.0,1.564,0
Kepler-368 c,1056.92,296.13,5253.0,0.834,0
Kepler-369 b,1688.0,310.403512,6248.0,1.573,0
Kepler-369 c,256.0,0.6703,3839.0,0.313,0
Kepler-37 b,2609.0,271.767008,5534.0,0.94,0
Kepler-37 c,550.0,13.0,4059.8,0.24,0
Kepler-37 d,771.46,83.7078,3943.0,0.631,0
Kepler-37 e,358.0,3.91,3993.4,0.464,1
Kepler-370 b,747.0,42.0912,5730.0,1.459,0
Kepler-370 c,234.9,0.8689600000000001,5730.0,1.459,0
Kepler-371 b,603.1,22.04,4664.0,0.662,0
Kepler-371 c,496.8,10.15,4664.0,0.662,0
Kepler-372 b,842.0,20.0982,5525.0,0.9,0
Kepler-372 c,1272.46,619.5809,4780.0,0.622,0
Kepler-372 d,799.0,13.8485,5581.0,1.05,0
Kepler-373 b,1478.0,791.0,4687.0,0.729,0
Kepler-373 c,544.0,14.57,4687.0,0.729,0
Kepler-374 b,1689.0,420.783256,6480.0,1.38,0
Kepler-374 c,1091.0,237.0,5306.0,0.886,0
Kepler-374 d,1000.0,162.7267,5360.0,0.846,0
Kepler-375 b,388.0,3.7,3948.0,0.211,0
Kepler-375 c,860.0,69.8726,5651.0,1.102,0
Kepler-376 b,885.0,132.5691,4802.0,0.69,0
Kepler-376 c,624.0,25.3,3707.0,0.622,0
Kepler-377 b,1378.0,753.1,5059.0,0.756,0
Kepler-377 c,696.0,58.3,5059.0,0.733,0
Kepler-378 b,1426.0,689.0,6033.0,1.417,0
Kepler-378 c,889.7,104.3,3943.0,0.6113,0
Kepler-379 b,449.0,6.69,4063.8,0.204,0
Kepler-379 c,705.0,41.0,4479.4,0.567,0
Kepler-38 b,1355.0,651.9082,4099.0,0.68,0
Kepler-380 b,1080.0,130.93,5808.0,1.236,0
Kepler-380 c,1571.6,121.63228000000001,5707.0,1.1085999999999998,0
Kepler-381 b,1534.0,923.6,5607.0,1.75,0
Kepler-381 c,1117.0,62.7136,4072.0,0.65,0
Kepler-381 d,458.0,7.3,3874.4,0.426,0
Kepler-382 b,519.0,13.2931,4375.0,0.631,0
Kepler-382 c,1060.0,204.4874,4530.8,0.27,0
Kepler-383 b,414.0,44.5933,5730.0,1.006,0
Kepler-383 c,400.0,362.642,6021.0,1.065,0
Kepler-384 b,1509.4,865.0,6005.0,1.31,0
Kepler-384 c,445.01,8.5187,4195.0,0.6751,0
Kepler-385 b,1134.0,275.6,6016.4,1.72,0
Kepler-385 c,1595.0,173.10690099381952,5478.352501167678,0.9586832829524681,0
Kepler-385 d,1443.0,790.4759,5905.0,1.26,0
Kepler-386 b,1041.19,277.7462,5875.0,0.881,0
Kepler-386 c,1100.0,210.609,5831.0,1.119,0
Kepler-387 b,512.97,16.3643,5096.0,0.785,0
Kepler-387 c,399.96,6.0478,5096.0,0.785,0
Kepler-388 b,636.0,70.9731,5802.0,1.7,0
Kepler-388 c,338.0,7.4445,4870.0,0.771,1
Kepler-389 b,123.1,0.294,4870.0,0.771,0
Kepler-389 c,1022.99,258.8217,5846.29,1.25324,0
Kepler-39 b,1352.0,558.0,5611.0,1.686,0
Kepler-390 b,1027.0,186.0,6095.0,1.4848,0
Kepler-390 c,1431.0,699.0,5771.0,1.095,0
Kepler-391 b,2410.0,206.1212,6120.0,1.81,0
Kepler-391 c,1456.0,750.9,5936.0,1.477,0
Kepler-392 b,1445.0,728.0,5760.0,1.726,0
Kepler-392 c,592.0,21.7464,5579.0,1.07,0
Kepler-393 b,493.0,10.1838,4026.0,0.607,0
Kepler-393 c,1722.49,874.7956,5890.3,1.28018,0
Kepler-394 b,1007.53,243.5261,5890.3,1.31383,0
Kepler-394 c,584.0,56.9133,5310.0,0.853,0
Kepler-394 d,1387.0,602.0,6100.0,1.336,0
Kepler-395 b,1226.0,375.554,4800.0,0.5517742,0
Kepler-395 c,531.0,19.0,4281.6,0.398,0
Kepler-396 b,600.0,19.9261,4663.4,0.38,0
Kepler-396 c,489.0,9.9407,4193.6,0.38,0
Kepler-397 b,383.0,3.918,3995.2,0.38,0
Kepler-397 c,1603.0,945.55,5665.0,1.25,0
Kepler-398 b,1710.0,874.29,5762.0,1.69,0
Kepler-398 c,855.0,89.0458,4008.0,0.657,0
Kepler-398 d,587.92,28.236,4031.0,0.362,0
Kepler-399 b,1205.0,352.0,5764.0,1.069,0
Kepler-399 c,1893.0,269.865108,6280.0,1.245,0
Kepler-399 d,1376.0,598.0,5721.0,1.229,0
Kepler-4 b,661.0,30.4,5213.0,0.85,0
Kepler-40 b,1471.0,781.8,5910.0,1.265,0
Kepler-400 b,979.0,86.7681,5152.0,0.78,0
Kepler-400 c,475.0,22.4437,5152.0,0.78,0
Kepler-401 b,929.0,124.2,5271.0,0.873,0
Kepler-401 c,1978.0,249.57117200000002,6240.0,1.241,0
Kepler-401 d,1186.0,382.0,4738.0,0.7,0
Kepler-402 b,1544.0,947.8,5691.0,1.073,0
Kepler-402 c,1358.0,556.616,5940.0,1.08,0
Kepler-402 d,1622.0,341.528552,5906.0,1.458,0
Kepler-402 e,1001.0,124.0,4672.0,0.76,0
Kepler-403 b,1726.0,293.85108,6000.0,1.545,0
Kepler-403 c,1596.0,308.48120000000006,5760.0,1.668,0
Kepler-403 d,2155.0,250.953944,6177.0,1.31,0
Kepler-404 b,1032.78,131.648,4263.0,0.6847,0
Kepler-404 c,1292.0,464.0,5890.0,0.985,0
Kepler-405 b,1539.0,933.0,6190.0,1.346,0
Kepler-405 c,604.0,13.8883,4112.2,0.3697,0
Kepler-406 b,1722.0,349.43764,5068.0,0.849,0
Kepler-406 c,1059.0,239.0,3933.0,0.67,0
Kepler-407 b,1213.02,576.8749,5614.0,1.5326,0
Kepler-407 c,1871.0,195.50494399999997,5251.0,0.87,0
Kepler-408 b,1616.0,310.403512,5850.0,1.549,0
Kepler-409 b,1445.0,650.4959,6241.0,1.1,0
Kepler-41 b,1488.0,818.5,5609.0,0.952,0
Kepler-410 A b,1264.36,313.0426,6365.0,1.0207,0
Kepler-411 b,688.0,37.2117,6532.0,0.42413999999999996,0
Kepler-411 c,1264.0,425.0,5706.0,1.419,0
Kepler-411 d,1693.0,310.403512,6370.0,1.56,0
Kepler-411 e,1451.0,740.0,6020.0,1.256,0
Kepler-412 b,1190.0,334.0,4930.0,0.788,0
Kepler-413 b,1102.0,245.0,5844.0,1.228,0
Kepler-414 b,1984.0,497.54483200000004,6450.0,1.448,0
Kepler-414 c,1498.0,841.3,5810.0,1.228,0
Kepler-415 b,899.0,130.1481,4969.0,0.719,0
Kepler-415 c,1170.0,308.0,5550.0,0.918,0
Kepler-416 b,690.0,39.0,3870.0,0.6,0
Kepler-416 c,1657.0,328.57097999999996,5703.0,1.735,0
Kepler-416 d,1534.0,924.3,5950.0,1.302,0
Kepler-417 b,801.0,68.6,5321.0,0.791,0
Kepler-417 c,750.0,54.0,3660.0,0.51,0
Kepler-418 b,759.0,55.4,3913.0,0.62,0
Kepler-418 c,582.0,19.1,4433.0,0.5,0
Kepler-419 b,1646.0,337.268752,5772.0,1.468,0
Kepler-419 c,1633.0,310.403512,5859.0,1.538,0
Kepler-42 b,1178.0,138.065,5905.0,1.2,0
Kepler-42 c,1544.0,949.0,5622.0,1.055,0
Kepler-42 d,1445.0,729.0,5731.0,1.445,0
Kepler-421 b,441.0,6.29,4047.8,0.302,0
Kepler-422 b,1531.0,546.903,6000.0,1.502,0
Kepler-423 b,1512.0,872.2,5725.0,1.392,0
Kepler-424 b,1198.0,184.322,6100.0,1.319,0
Kepler-424 c,1295.0,469.0,5975.0,1.501,0
Kepler-425 b,1621.0,328.57098,5840.0,1.626,0
Kepler-426 b,563.0,16.7,4209.6,0.47,0
Kepler-427 b,1441.0,714.0,4960.0,0.83,0
Kepler-428 b,907.0,112.0,4960.0,0.83,0
Kepler-43 b,650.0,30.0,4960.0,0.83,0
Kepler-430 b,174.0,0.15,4960.0,0.83,0
Kepler-430 c,584.0,19.0,4281.6,0.41,0
Kepler-431 b,368.0,3.0,3959.6,0.41,1
Kepler-431 c,1458.0,753.9,6060.0,1.112,0
Kepler-431 d,1241.0,495.139,6169.0,1.117,0
Kepler-432 b,931.0,156.75,6169.0,1.117,0
Kepler-432 c,605.1,22.3,6096.0,1.293,0
Kepler-433 b,1570.0,281.6108760000001,6202.0,1.438,0
Kepler-434 b,1074.0,223.0,5281.0,0.859,0
Kepler-435 b,1669.0,310.403512,6860.0,1.605,0
Kepler-436 b,1255.0,586.762,5724.0,0.95,0
Kepler-436 c,412.0,4.8,4263.4,0.2347,0
Kepler-437 b,725.0,45.2,3794.0,0.63,0
Kepler-438 b,922.0,154.57,5291.0,0.866,0
Kepler-439 b,635.0,34.32,5291.0,0.866,0
Kepler-44 b,1642.0,301.372676,6370.0,1.434,0
Kepler-440 b,763.05,55.3616,5243.0,0.7934,0
Kepler-441 b,1862.0,162.5315,4850.0,0.731,0
Kepler-442 b,867.0,103.66154000000002,4850.0,0.731,0
Kepler-443 b,633.0,28.3588,4850.0,0.731,0
Kepler-444 b,2027.12,238.8041,6000.0,1.3222,0
Kepler-444 c,308.0,1.5,3955.6,0.328,1
Kepler-444 d,633.6,26.9,3901.0,0.599,0
Kepler-444 e,508.9,11.18,3901.0,0.599,0
Kepler-444 f,488.0,13.3328,4491.2,0.4684,0
Kepler-445 b,1162.08,430.9826,4974.0,0.72731528,0
Kepler-445 c,1869.38,228.4174,6020.0,1.165,0
Kepler-445 d,904.0,58.0054,6219.0,1.29,0
Kepler-446 b,435.0,6.0,4095.6,0.372,0
Kepler-446 c,609.0,23.4694,5225.0,0.779,0
Kepler-446 d,1638.82,222.248144,5834.0,1.01733,0
Kepler-447 b,1395.0,633.0,5640.0,1.062,0
Kepler-448 c,427.0,130.528,5545.0,1.014,0
Kepler-449 b,861.0,92.5,4516.4,0.451,0
Kepler-449 c,1639.0,380.34558,6206.0,1.634,0
Kepler-45 b,1735.0,230.81513999999999,6210.0,1.309,0
Kepler-450 b,1365.0,346.626,6210.0,1.309,0
Kepler-450 c,1234.03,548.0544,5315.0,0.92,0
Kepler-450 d,182.8,0.2639,5315.0,0.92,0
Kepler-451 c,562.01,23.5778,6260.0,1.04,0
Kepler-451 d,1491.0,695.188,5550.0,0.879,0
Kepler-452 b,875.0,82.5178,5550.0,0.879,0
Kepler-453 b,722.0,38.2372,5550.0,0.879,0
Kepler-454 b,705.0,42.2987,5433.0,0.86,0
Kepler-454 c,1362.93,571.5072,3702.0,0.485948,0
Kepler-454 d,511.0,14.6089,3697.0,0.48,0
Kepler-457 d,1655.0,76.602,4896.0,0.7434000000000001,0
Kepler-458 c,554.16,15.77,4032.1459999999997,0.374,0
Kepler-46 b,318.0,3.2011,6096.0,1.152,1
Kepler-46 c,614.66,33.7343,5190.0,0.7372,0
Kepler-46 d,347.0,3.3159,5170.0,0.81,1
Kepler-460 c,191.0,48.3867,5170.0,0.81,0
Kepler-461 b,1380.27,603.6935,6011.9,1.15664,0
Kepler-462 b,1677.0,419.4608,6264.0,1.412,0
Kepler-462 c,268.57,1.56,5800.0,1.05,0
Kepler-463 b,779.83,87.81,5700.0,0.895,0
Kepler-464 b,950.11,192.5802,6560.0,1.72,0
Kepler-465 b,713.0,54.0,4383.8,0.59,0
Kepler-466 b,716.0,74.7,5289.0,0.98,0
Kepler-466 c,660.0,44.7551,5190.0,0.831,0
Kepler-467 b,1468.0,775.0,6070.0,1.3679999999999999,0
Kepler-468 b,2255.0,310.403512,6740.0,1.55,0
Kepler-47 b,1472.0,783.2,6058.0,1.409,0
Kepler-47 c,1673.0,420.783256,6390.0,1.451,0
Kepler-47 d,1198.94,531.521,6174.0,1.4877,0
Kepler-471 b,1370.0,253.126,5735.0,1.66,0
Kepler-472 b,694.0,42.5,4199.4,0.358,0
Kepler-473 b,894.0,18.1082,5805.0,1.0,0
Kepler-474 b,643.0,40.4612,5504.0,1.163,0
Kepler-475 b,919.0,115.0,5380.0,0.912,0
Kepler-476 b,717.6,40.0,5640.0,1.055,0
Kepler-477 b,1617.0,338.110112,4440.0,0.678,0
Kepler-478 b,1040.0,226.0,5749.0,0.93,0
Kepler-479 b,1056.0,190.912,5909.0,0.92,0
Kepler-48 b,550.0,12.8373,4780.0,0.844,0
Kepler-48 c,1164.91,254.588,5670.0,0.93,0
Kepler-48 d,1180.0,122.785,5808.0,1.29,0
Kepler-48 e,976.0,15.1027,6160.0,0.3338,0
Kepler-48 f,1009.0,127.0,5277.0,0.89,0
Kepler-480 b,1442.0,467.0,6150.0,1.241,0
Kepler-481 b,971.0,96.0,6150.0,1.241,0
Kepler-482 b,904.48,158.1646,5183.0,0.852,0
Kepler-483 b,906.0,49.5559,6300.0,1.4,0
Kepler-484 b,808.37,100.9112,5643.77,1.09457,0
Kepler-485 b,1585.0,310.40351200000003,6060.0,1.53,0
Kepler-487 b,687.0,54.0,4586.4,0.35,0
Kepler-487 c,737.0,49.0,4110.32,0.394,0
Kepler-487 d,794.0,66.0,4698.4,0.421,0
Kepler-489 b,1286.0,456.0,5723.0,1.209,0
Kepler-49 b,783.0,62.0,4230.0,0.708,0
Kepler-49 c,1772.0,200.906184,6500.0,1.785,0
Kepler-49 d,1042.0,195.925,5631.0,1.02283,0
Kepler-49 e,1244.0,159.592,5790.0,1.021,0
Kepler-490 b,675.0,34.6,4755.0,0.52,0
Kepler-491 b,565.0,14.259,3659.0,0.54,0
Kepler-493 b,1043.0,198.0,4610.0,0.65,0
Kepler-495 b,1648.0,429.794,6240.0,0.93551528,0
Kepler-495 c,695.0,38.7885,3936.6,0.485,0
Kepler-496 b,867.0,94.1,3927.0,0.612,0
Kepler-497 b,1350.0,554.0,5692.0,1.462,0
Kepler-498 b,1566.0,388.70298,5990.0,1.2002,0
Kepler-499 b,689.0,38.0,3747.0,0.588,0
Kepler-5 b,719.0,44.5,3751.0,0.58,0
Kepler-50 b,1195.0,321.879,6220.0,1.263,0
Kepler-50 c,1488.0,817.0,6094.0,1.245,0
Kepler-500 b,488.0,3.3023,3843.6,0.3,0
Kepler-501 b,947.0,118.413,6000.0,1.051,0
Kepler-501 c,1242.0,370.603,6000.0,1.051,0
Kepler-502 b,611.0,23.4,4656.8,0.1895,0
Kepler-504 b,1369.0,580.0,5820.0,1.474,0
Kepler-505 b,999.0,240.195,4169.0,0.623,0
Kepler-506 b,624.0,25.1137,4280.8,0.42,0
Kepler-507 b,536.0,13.8663,4112.2,0.42,0
Kepler-508 b,441.0,9.6,5700.0,1.058,0
Kepler-509 b,528.0,12.92,3790.0,0.594,0
Kepler-51 b,1061.0,248.8554,6466.0,1.496,0
Kepler-51 c,1180.0,404.915,5925.0,1.233,0
Kepler-51 d,1789.0,420.783256,6237.0,1.393,0
Kepler-51 e,2319.0,171.951312,5342.0,0.843,0
Kepler-510 b,802.0,67.5,5342.0,0.843,0
Kepler-511 b,600.0,21.2,5342.0,0.843,0
Kepler-511 c,416.0,4.89,5342.0,0.843,0
Kepler-512 b,939.0,137.0,3996.0,0.646,0
Kepler-513 b,837.0,77.0,3896.0,0.54,0
Kepler-514 b,1714.0,317.582312,5640.0,1.088,0
Kepler-515 b,513.0,3.8369,5485.0,0.938,0
Kepler-516 b,742.0,50.3,3713.0,0.57,0
Kepler-517 b,949.07,125.0643,4590.0,0.7575,0
Kepler-518 b,347.2,2.2554,3968.8,0.2992,1
Kepler-519 b,400.0,3.4093,3868.0,0.22,0
Kepler-52 b,708.0,41.7,4315.2,0.383,0
Kepler-52 c,1093.03,338.95,5874.0,1.106,0
Kepler-52 d,382.0,3.512,3905.4,0.37,0
Kepler-520 b,1311.0,493.4827,3949.0,0.58,0
Kepler-520 c,1040.0,374.462,6235.0,1.36,0
Kepler-521 b,910.0,175.1,5615.0,0.87,0
Kepler-522 b,667.0,49.8,5615.0,0.87,0
Kepler-523 b,1201.0,344.0546,5185.0,0.833,0
Kepler-524 b,718.0,8.7194,5185.0,0.833,0
Kepler-524 c,545.0,20.574,5185.0,0.833,0
Kepler-525 b,424.0,9.4898,5185.0,0.833,0
Kepler-526 b,1136.78,240.6761,5715.0,1.082,0
Kepler-527 b,505.0,11.91,4137.4,0.321,0
Kepler-528 b,337.0,2.6934,4913.4,0.321,1
Kepler-529 b,1108.0,274.163,4850.0,0.773,0
Kepler-529 c,678.87,73.722,5134.0,0.7625,0
Kepler-529 d,950.0,126.8632,5770.0,1.427,0
Kepler-53 b,1515.0,184.12244,5920.0,1.4868000000000001,0
Kepler-53 c,1120.0,258.7482,4530.8,0.38,0
Kepler-53 d,321.4,1.6823,3853.4,0.2432,1
Kepler-530 b,707.0,41.5,4306.0,0.242,0
Kepler-531 b,1890.0,940.0,6110.0,1.51,0
Kepler-532 b,1484.0,806.794,6223.0,1.3428,0
Kepler-533 b,714.0,43.0,3635.0,0.489,0
Kepler-534 b,1439.0,716.0,6110.0,1.648,0
Kepler-534 c,605.6,22.4,5445.0,0.879,0
Kepler-535 b,403.5,4.42,5445.0,0.879,0
Kepler-536 b,1360.0,570.0,6047.0,1.662,0
Kepler-537 b,1143.0,285.0,6047.0,1.662,0
Kepler-538 b,634.0,26.8,4313.8,0.259,0
Kepler-539 b,700.0,39.9451,5660.0,1.021,0
Kepler-539 c,786.0,63.3913,5660.0,1.021,0
Kepler-54 b,1750.0,496.409512,6110.0,1.51,0
Kepler-54 c,1666.0,328.57097999999996,6850.0,1.732,0
Kepler-54 d,603.6,20.8,3708.0,0.55,0
Kepler-540 b,1388.0,602.0,6400.0,1.415,0
Kepler-541 b,714.0,41.8646,3895.0,0.576,0
Kepler-542 b,1256.46,588.9944,4565.0,0.37,0
Kepler-543 b,1586.0,481.20434399999994,6250.0,1.345,0
Kepler-544 b,541.0,14.28,3977.0,0.609,0
Kepler-545 b,1216.0,284.211,4526.0,0.293,0
Kepler-546 b,495.0,9.97,3826.4120000000003,0.49,0
Kepler-547 b,745.0,51.3,4505.4,0.457,0
Kepler-548 b,1816.0,160.47308,6460.0,1.4196000000000002,0
Kepler-549 b,1213.0,106.619,6020.0,1.312,0
Kepler-549 c,745.0,28.1152,5910.0,0.897,0
Kepler-549 d,204.4,0.0003,4371.6,0.234,0
Kepler-55 b,794.0,65.0,4408.4,0.43,0
Kepler-55 c,833.0,20.0861,5463.0,1.01,0
Kepler-55 d,674.0,49.1,3681.0,0.512,0
Kepler-55 e,553.0,22.3,3681.0,0.512,0
Kepler-55 f,482.0,12.9,3681.0,0.512,0
Kepler-550 b,1493.0,817.0,5940.0,1.721,0
Kepler-551 b,1124.85,388.2,5597.0,0.9882,0
Kepler-552 b,467.0,182.3533,5890.0,1.385,0
Kepler-553 b,599.0,85.9385,6400.0,1.517,0
Kepler-553 c,415.0,12.7136,6400.0,1.517,0
Kepler-554 b,369.0,4.4,4447.2,0.231,1
Kepler-555 b,676.15,33.4742,3765.0,0.5441,0
Kepler-556 b,635.0,38.4,4181.4,0.42,0
Kepler-557 b,1252.0,37.6345,6295.0,1.28,0
Kepler-558 b,1090.0,234.46,5085.0,1.08,0
Kepler-559 b,417.9,5.54,4295.0,0.2276,0
Kepler-56 b,417.0,4.98,4110.412,0.421,0
Kepler-56 c,356.0,2.64,4465.4,0.421,1
Kepler-56 d,268.8,0.85,3961.2,0.421,0
Kepler-560 b,272.9,1.27,4077.0,0.421,0
Kepler-561 b,882.37,143.259,4700.0,0.7896139999999999,0
Kepler-561 c,650.0,22.6,4622.0,0.674,0
Kepler-562 b,369.9,3.08,4622.0,0.674,1
Kepler-563 b,313.6,1.6,4622.0,0.674,1
Kepler-564 b,593.0,20.6,4180.4,0.351,0
Kepler-565 b,234.0,0.67,3839.0,0.24,0
Kepler-566 b,249.0,1.07,4117.2,0.222,0
Kepler-567 b,1055.8,207.1,5585.0,0.949,0
Kepler-568 b,378.0,4.9,4386.0,0.319,0
Kepler-569 b,878.0,147.33879199999998,5720.0,1.035,0
Kepler-57 b,702.0,92.4087,5720.0,1.035,0
Kepler-57 c,542.4,20.6036,5720.0,1.035,0
Kepler-570 b,934.0,127.0,3657.0,0.505,0
Kepler-571 b,194.0,0.24,3657.0,0.505,0
Kepler-572 b,641.0,24.3644,5278.0,0.78,0
Kepler-573 b,555.4,17.0012,4298.6,0.425,0
Kepler-574 b,1038.0,182.935,5450.0,0.897,0
Kepler-575 b,800.0,64.3196,5450.0,0.897,0
Kepler-576 b,543.0,14.0,4106.2,0.232,0
Kepler-577 b,365.0,3.0,4297.0,0.232,1
Kepler-578 b,520.0,11.5,3725.0,0.547,0
Kepler-579 b,420.0,4.9,3725.0,0.547,0
Kepler-58 b,1561.0,734.672,6643.0,1.71,0
Kepler-58 c,435.0,5.91,3944.4,0.413,0
Kepler-58 d,1256.0,413.894,5558.0,0.907,0
Kepler-58 e,610.0,23.1,5907.0,0.6189199999999999,0
Kepler-580 b,686.0,36.9,4869.0,0.77,0
Kepler-581 b,469.0,8.03,4869.0,0.77,0
Kepler-582 b,1253.0,412.0,4600.0,0.695,0
Kepler-583 b,1118.0,270.0682,3920.0,0.6,0
Kepler-584 b,871.0,78.838,4552.0,0.665,0
Kepler-585 b,665.0,26.707,4552.0,0.665,0
Kepler-586 b,995.3,164.0,5995.0,1.052,0
Kepler-587 b,1932.0,349.43764,5257.0,0.97,0
Kepler-588 b,1529.0,908.9,5842.0,1.308,0
Kepler-589 b,621.0,24.78,4929.0,0.719,0
Kepler-589 c,805.0,73.9967,5050.0,0.83,0
Kepler-59 b,1085.0,301.8661,5050.0,0.83,0
Kepler-59 c,1397.0,571.007,6261.0,1.39,0
Kepler-590 b,429.43,8.3169,3770.2,0.527,0
Kepler-591 b,217.26,0.5449,3770.2,0.527,0
Kepler-592 b,1192.0,337.0,5570.0,0.918,0
Kepler-593 b,1846.6,173.4224,6272.0,1.2798000000000003,0
Kepler-594 b,1317.0,80.884,5626.0,1.028,0
Kepler-595 b,551.0,15.0,4289.2,0.419,0
Kepler-595 c,712.01,35.2422,4969.0,0.7325,0
Kepler-596 b,1120.0,261.858,4969.0,0.894,0
Kepler-597 b,1526.0,374.4922,5710.0,1.3148,0
Kepler-598 b,941.0,188.0,4435.0,0.671,0
Kepler-598 c,96.4,0.0208,4435.0,0.671,0
Kepler-599 b,397.6,4.153,5476.4,0.7815844000000001,0
Kepler-6 b,339.7,2.214,5317.8,0.65072,1
Kepler-60 b,286.2,1.115,5002.6,0.5935,1
Kepler-60 c,249.7,0.646,4559.4,0.38805999999999996,0
Kepler-60 d,217.7,0.373,5592.0,0.9179999999999999,0
Kepler-600 b,197.3,0.252,4660.6,0.7226000000000001,0
Kepler-601 b,171.7,0.144,5313.4,0.9246000000000001,0
Kepler-602 b,1350.0,662.5020999999999,5130.0,0.7939,0
Kepler-603 b,1240.0,493.2019,4573.0,0.953811,0
Kepler-603 c,277.0,1.08,4997.2,0.6095,1
Kepler-603 d,209.0,0.35,5380.0,1.028,0
Kepler-604 b,159.0,0.12,5358.6,0.9349999999999999,0
Kepler-605 b,1140.0,318.4582,5230.0,0.85,0
Kepler-605 c,1466.0,903.864,5850.0,1.12,0
Kepler-606 b,1638.0,295.21034799999995,5650.0,0.829,0
Kepler-607 b,1778.0,180.4192,6200.0,1.66,0
Kepler-607 c,1480.0,442.993,5171.0,0.868,0
Kepler-608 b,2240.0,393.42316,4587.2,0.668108,0
Kepler-609 b,2270.0,393.42316,4669.2,0.710071,0
Kepler-61 b,677.0,35.0,4941.0,1.345,0
Kepler-610 b,968.0,146.0,4941.0,1.345,0
Kepler-610 c,845.0,85.0,4941.0,1.345,0
Kepler-611 b,492.0,10.0,4941.0,1.43,0
Kepler-612 b,2100.0,269.865108,5368.8,1.238,0
Kepler-613 b,1194.0,98.6952,4631.6,0.369774,0
Kepler-614 b,1812.0,523.274752,6110.0,1.47,0
Kepler-615 b,1370.0,174.0323,4675.0,0.698,0
Kepler-616 b,2190.0,465.53431600000005,6900.0,1.57,0
Kepler-616 c,1560.0,372.79707600000006,6380.0,1.31,0
Kepler-616 d,1671.0,361.32527600000003,5990.0,1.375,0
Kepler-617 b,2508.0,443.093476,6110.0,1.436,0
Kepler-618 b,1516.0,867.7365,5475.0,0.963,0
Kepler-619 b,900.0,166.5368,5070.0,0.9,0
Kepler-619 c,1140.0,327.8307,6002.0,1.47,0
Kepler-619 d,736.0,51.0,4425.0,0.67,0
Kepler-62 b,1589.0,420.783256,6783.0,1.34415,0
Kepler-62 c,992.0,184.988,4800.0,0.89,0
Kepler-62 d,1158.0,279.0,5392.0,0.853,0
Kepler-62 e,1496.0,821.405,5890.0,1.608,0
Kepler-62 f,2043.0,420.783256,5940.0,1.43,0
Kepler-620 b,1414.0,663.0,6250.0,1.426,0
Kepler-621 b,1001.0,211.7917,6040.0,1.22,0
Kepler-622 b,1729.0,328.57097999999996,6410.0,1.696,0
Kepler-623 b,1600.0,907.8624,5650.0,1.2,0
Kepler-624 b,2601.0,328.57097999999996,6265.0,1.69,0
Kepler-625 b,1749.0,328.57097999999996,6450.0,1.68443,0
Kepler-625 c,2409.0,341.528552,6628.0,1.461,0
Kepler-626 b,1500.0,758.324,5740.0,1.285,0
Kepler-627 b,1400.0,748.0,6050.0,1.02,0
Kepler-629 b,1480.0,759.3374,5800.0,1.27,0
Kepler-63 b,1400.0,703.971,5620.0,1.333,0
Kepler-630 b,1100.0,345.7201,5900.0,0.9,0
Kepler-631 b,1531.0,617.309,5950.0,1.37,0
Kepler-632 b,833.0,56.355,5625.0,0.96,0
Kepler-633 b,1460.0,310.403512,5990.0,1.561,0
Kepler-633 c,682.0,58.5,4686.0,0.758,0
Kepler-634 b,1329.0,791.0,4686.0,0.758,0
Kepler-635 b,107.0,0.0363,4686.0,0.758,0
Kepler-636 b,1790.0,280.093476,5700.0,1.44,0
Kepler-637 b,1403.66,917.4101,5675.0,0.96,0
Kepler-638 b,1630.0,388.49920000000003,6250.0,1.3094,0
Kepler-639 b,1590.0,420.783256,6272.0,1.36,0
Kepler-640 b,910.0,120.7076,5310.0,0.8,0
Kepler-641 b,1872.0,420.783256,6475.0,1.4,0
Kepler-642 b,1270.0,491.326,5300.0,0.87,0
Kepler-643 b,1540.0,296.94378,5900.0,1.37,0
Kepler-644 b,2000.0,328.57098,6010.0,1.64,0
Kepler-645 b,1260.0,775.8849,5200.0,0.81,0
Kepler-646 b,1200.0,313.4012,4900.0,0.68,0
Kepler-647 b,1404.0,639.4923,5702.0,1.429,0
Kepler-647 c,940.0,72.699,5555.0,0.912,0
Kepler-648 b,590.0,21.290479999999995,5555.0,0.912,0
Kepler-649 b,1855.0,272.317856,5750.0,1.08,0
Kepler-65 b,1676.0,312.574492,6300.0,1.48,0
Kepler-65 c,1460.0,854.7074,6218.0,1.651,0
Kepler-65 d,1312.0,460.0,5871.0,1.181,0
Kepler-65 e,1700.0,328.57097999999996,5914.0,1.73,0
Kepler-650 b,994.0,162.0,4774.0,0.823,0
Kepler-651 b,1468.0,771.0,5660.0,1.24,0
Kepler-652 b,934.5,150.0,4987.0,0.8268,0
Kepler-653 b,1193.0,449.6776,5772.0,1.1,0
Kepler-653 c,1590.0,903.013,6350.0,1.39,0
Kepler-654 b,1850.0,111.05636,6120.0,1.2588000000000001,0
Kepler-655 b,1389.0,481.917,5700.0,1.14,0
Kepler-656 b,1119.0,210.575,5298.0,0.868,0
Kepler-656 c,1557.0,323.79022,6400.0,1.712,0
Kepler-657 b,910.0,121.918,5300.0,1.11,0
Kepler-658 b,1638.0,305.798632,5500.0,1.015,0
Kepler-659 b,1610.0,135.131,5806.0,0.932,0
Kepler-66 b,1624.0,315.2812,5599.0,1.75,0
Kepler-660 b,1270.0,440.0,6050.0,1.22,0
Kepler-661 b,2329.0,328.57097999999996,7000.0,1.79,0
Kepler-662 b,1340.0,278.886,6000.0,1.12,0
Kepler-663 b,1604.0,639.54476,6110.0,1.5147999999999997,0
Kepler-664 b,1755.0,310.40351200000003,6550.0,1.49,0
Kepler-665 b,1422.0,680.0,5600.0,0.938,0
Kepler-666 b,1642.0,328.57098,5965.0,1.637,0
Kepler-667 b,1740.0,521.8509999999999,6900.0,1.6384,0
Kepler-668 b,1880.0,346.101392,5800.0,1.11,0
Kepler-669 b,1528.0,901.9,6399.0,1.347,0
Kepler-67 b,1571.0,649.429,6229.0,1.204,0
Kepler-670 b,1721.0,229.21859999999998,5941.0,1.138302,0
Kepler-671 b,1142.0,279.7736,5017.0,0.885,0
Kepler-672 b,2470.0,299.082,5559.8,1.67,0
Kepler-673 b,2429.0,322.759476,6432.0,1.319,0
Kepler-674 b,1540.0,918.3877,6600.0,1.19,0
Kepler-675 b,1186.0,382.4492,5839.0,0.965,0
Kepler-676 b,1479.0,756.261,5638.0,1.34,0
Kepler-677 b,1111.0,268.7176,5313.0,0.871,0
Kepler-678 b,1480.0,669.018,6000.0,1.65,0
Kepler-679 b,1160.0,662.3252,5900.0,1.5,0
Kepler-68 b,1378.4,853.1355,6361.0,1.47,0
Kepler-68 c,1760.0,377.95276,6150.0,1.4491999999999998,0
Kepler-68 d,1666.0,400.08332,6850.0,1.6884000000000001,0
Kepler-68 e,3353.0,173.10690099381952,5478.352501167678,0.9586832829524681,0
Kepler-680 b,2113.0,246.80071200000003,5616.0,1.006,0
Kepler-681 b,1500.0,747.132,6400.0,1.6,0
Kepler-682 b,1620.0,471.142,5910.0,1.32,0
Kepler-683 b,1250.0,402.0,6080.0,1.213,0
Kepler-684 b,1693.0,420.783256,6405.0,1.409,0
Kepler-685 b,1522.0,890.0,6300.0,1.578,0
Kepler-686 b,1665.0,296.11980000000005,6050.0,1.207,0
Kepler-687 b,1311.0,492.0,5180.0,0.866,0
Kepler-688 b,1362.0,259.864,5940.0,1.242,0
Kepler-689 b,1333.0,705.0438,5800.0,1.06,0
Kepler-69 b,1502.0,837.7034,6000.0,1.24,0
Kepler-69 c,1076.55,317.4314,5150.0,0.765,0
Kepler-690 b,1772.0,934.465,6075.0,1.42,0
Kepler-691 b,1217.0,341.0,5697.0,0.884,0
Kepler-692 b,1650.0,269.865108,6034.0,1.22,0
Kepler-693 b,1456.0,695.65,6084.0,1.083,0
Kepler-694 b,970.0,235.573,4800.0,0.79,0
Kepler-695 b,2020.0,412.52217200000007,6400.0,1.44,0
Kepler-696 b,1423.7,334.49314400000003,6302.0,1.252,0
Kepler-697 b,1388.0,616.33,6140.0,0.95,0
Kepler-698 b,2781.7,444.78000000000003,6039.4,1.444,0
Kepler-7 b,1250.0,229.962,5700.0,0.91,0
Kepler-700 b,1338.29,758.1026,5990.0,1.08,0
Kepler-701 b,1733.0,349.43764,5959.0,0.985,0
Kepler-702 b,1232.5,545.3338,5800.0,1.003,0
Kepler-703 b,1250.0,613.754,6180.0,1.52,0
Kepler-704 b,1166.0,316.269,5485.0,0.939,0
Kepler-705 b,1653.0,102.843912,5436.0,0.912,0
Kepler-707 b,1244.0,344.149,5545.0,0.83,0
Kepler-708 b,241.0,0.8736,5545.0,0.87,0
Kepler-709 b,1021.0,137.118,5315.0,0.892,0
Kepler-710 b,1426.7,680.8953,4400.0,0.6,0
Kepler-711 b,1337.0,533.0,5420.0,0.906,0
Kepler-712 b,1153.0,294.0,5150.0,0.855,0
Kepler-712 c,1636.0,353.79748,5600.0,0.858,0
Kepler-713 b,1275.0,409.0,5565.0,1.156,0
Kepler-714 b,247.0,0.549,5565.0,1.156,0
Kepler-715 b,885.0,145.0,5565.0,1.156,0
Kepler-716 b,1992.0,131.792032,5565.0,1.156,0
Kepler-716 c,2035.0,426.71111600000006,5920.0,1.58,0
Kepler-717 b,1400.0,615.4709,5600.0,0.97,0
Kepler-718 b,1706.0,212.08791199999996,5700.0,1.029,0
Kepler-719 b,1394.84,690.3398,5400.0,0.843,0
Kepler-720 b,1315.0,605.7625,5000.0,0.79,0
Kepler-721 b,1053.0,241.6656,4953.0,0.798,0
Kepler-722 b,1759.0,328.57097999999996,6100.0,1.76,0
Kepler-722 c,1342.0,504.0,6096.0,1.09,0
Kepler-723 b,1216.0,447.82,5600.0,0.96,0
Kepler-724 b,1338.0,702.385,5600.0,0.927,0
Kepler-725 b,1270.0,404.7112,5800.0,1.22,0
Kepler-725 c,670.0,38.0328,4650.0,0.613,0
Kepler-726 b,1167.0,288.0,5438.0,0.79,0
Kepler-727 b,1479.0,925.4935,5900.0,1.17,0
Kepler-728 b,1624.4,310.403512,6250.0,1.55,0
Kepler-729 b,1475.3,653.252,6230.0,1.23,0
Kepler-730 b,1469.91,166.4316,5550.0,0.967,0
Kepler-730 c,1689.0,390.37677599999995,5400.0,1.058,0
Kepler-731 b,1480.0,257.25358,5600.0,1.01,0
Kepler-732 b,1569.7,328.57097999999996,6600.0,1.76,0
Kepler-732 c,1003.0,188.1062,5200.0,0.88,0
Kepler-733 b,1490.0,843.4794,5910.0,1.79,0
Kepler-734 b,971.0,180.5564,4792.0,0.801,0
Kepler-735 b,1487.0,612.686,6400.0,1.432,0
Kepler-736 b,1387.0,649.1548,5763.0,1.215,0
Kepler-737 b,2016.1,296.11980000000005,6050.0,1.207,0
Kepler-738 b,2210.0,388.49920000000003,6250.0,1.3094,0
Kepler-739 b,1790.0,205.52800000000002,6030.0,1.0581399999999999,0
Kepler-74 b,1865.0,531.159,5990.0,1.42,0
Kepler-740 b,1710.0,435.53426,6100.0,1.26,0
Kepler-741 b,2228.0,328.57097999999996,6329.0,1.756,0
Kepler-742 b,1674.0,256.69968000000006,5617.0,0.91,0
Kepler-743 b,2469.7,435.26957999999996,6100.0,1.3404,0
Kepler-744 b,1716.2,310.40351200000003,6600.0,1.51,0
Kepler-745 b,1059.0,209.118,5600.0,1.03,0
Kepler-746 b,825.0,72.442,4143.0,0.586,0
Kepler-747 b,1623.0,283.363164,5870.0,1.283,0
Kepler-748 b,2190.0,235.4844,6480.0,1.4366,0
Kepler-749 b,1120.0,238.875,5510.0,1.05,0
Kepler-75 b,732.0,34.6952,5280.0,0.768,0
Kepler-750 b,1329.0,266.267216,5280.0,0.768,0
Kepler-750 c,1452.0,640.3258,6112.0,0.935,0
Kepler-751 b,2049.54,328.57098,6450.0,1.627,0
Kepler-752 b,1772.0,170.3644,6430.0,1.8,0
Kepler-753 b,1120.0,278.8533,5130.0,0.88,0
Kepler-754 b,1840.0,257.0182,6430.0,1.643,0
Kepler-755 b,1160.0,332.5562,4920.0,0.86,0
Kepler-755 c,1871.0,420.783256,6280.0,1.341,0
Kepler-756 b,1942.0,310.403512,6700.0,1.524,0
Kepler-757 b,1604.0,310.403512,6170.0,1.48,0
Kepler-758 b,1570.0,312.125776,5830.0,1.23,0
Kepler-758 c,1285.0,517.0,5540.0,1.05,0
Kepler-758 d,1555.0,317.582312,5640.0,1.08,0
Kepler-758 e,1171.0,269.8828,5473.0,0.741,0
Kepler-759 b,1480.0,828.8268,6150.0,1.64,0
Kepler-76 b,340.0,165.5952,6282.4,1.3856000000000002,1
Kepler-760 b,163.0,0.181,4710.0,0.26352359999999997,0
Kepler-760 c,325.0,4.3396,5124.39,0.646482,1
Kepler-761 b,450.0,4.339599999999999,5124.39,0.646482,0
Kepler-762 b,1500.0,910.097,6250.0,1.15,0
Kepler-763 b,2000.0,418.745148,5000.0,0.752,0
Kepler-763 c,2198.0,113.6142,4251.0,0.61,0
Kepler-763 d,2470.0,282.3101,4591.0,0.66,0
Kepler-764 b,250.1,0.652,3851.0,0.1813,0
Kepler-765 b,996.0,233.9,4526.0,0.406,0
Kepler-766 b,790.0,69.6,4716.0,0.689,0
Kepler-767 b,1210.0,321.85,5750.0,0.88,0
Kepler-768 b,1328.0,428.036,5340.0,0.99,0
Kepler-769 b,1729.0,310.403512,6429.0,1.54,0
Kepler-769 c,1630.0,420.783256,6397.0,1.45,0
Kepler-77 b,1230.0,397.4799,5430.0,1.13,0
Kepler-770 b,1577.0,580.386,6720.0,1.1856000000000002,0
Kepler-770 c,1743.0,441.009512,6250.0,1.48,0
Kepler-770 d,471.2,8.21,3886.2400000000002,0.157,0
Kepler-771 b,410.3,4.72,4263.4,0.157,0
Kepler-772 b,356.7,2.7,4809.8,0.157,1
Kepler-773 b,1612.0,322.76454,5884.748,1.54416,0
Kepler-774 b,1250.0,828.4489,6259.8,1.54416,0
Kepler-775 b,275.0,2.2324,4760.0,0.679,1
Kepler-776 b,1900.0,173.10690099381952,5478.352501167678,0.9586832829524681,0
Kepler-777 b,1169.8,309.0,5998.0,1.17,0
Kepler-778 b,614.0,34.7,5817.0,1.34,0
Kepler-779 b,448.1,9.85,5817.0,1.34,0
